Select all keywords,Keyword,Intent,Relevance,Related %,Volume,Trend,Pot. Traffic,PKD %,KD %,CPC (BRL),Com.,SF,Results,Updated
cadeira gamer,cadeira gamer​,C,60,0,"246,000",,n/a,n/a,44,0.57,1.00,6,199,1 month
cadeira de escritorio,cadeira de escritorio​,C,67,0,"201,000",,n/a,n/a,29,1.19,1.00,7,200,1 month
cadeira,cadeira​,C,100,0,"110,000",,n/a,n/a,32,1.35,1.00,7,198,1 month
cadeira ergonomica,cadeira ergonomica​,C,60,0,"110,000",,n/a,n/a,32,0.98,1.00,8,189,1 month
cadeira escritorio,cadeira escritorio​,C,64,0,"110,000",,n/a,n/a,30,1.61,1.00,7,200,1 month
poltrona,poltrona​,IC,57,0,"110,000",,n/a,n/a,25,0.83,1.00,7,22.2K,1 month
poltrona para sala,poltrona para sala​,I,53,0,"90,500",,n/a,n/a,30,0.57,1.00,7,197,1 month
cadeiras para mesa de jantar,cadeiras para mesa de jantar​,I,56,0,"40,500",,n/a,n/a,19,0.47,1.00,7,192,1 month
cadeira de escritório,cadeira de escritório​,C,63,0,"27,100",,n/a,n/a,27,1.50,1.00,6,199,1 month
cadeiras,cadeiras​,I,81,0,"27,100",,n/a,n/a,24,1.35,1.00,7,200,1 month
cadeira presidente,cadeira presidente​,C,58,0,"22,200",,n/a,n/a,12,1.14,1.00,8,190,1 month
mesa de canto,mesa de canto​,I,49,0,"22,200",,n/a,n/a,28,0.41,1.00,8,193,1 month
cadeira de escritorio ergonomica,cadeira de escritorio ergonomica​,C,62,0,"18,100",,n/a,n/a,27,1.71,1.00,7,191,1 month
cadeira de madeira,cadeira de madeira​,I,55,0,"18,100",,n/a,n/a,14,0.47,1.00,5,196,1 month
cadeira escritório,cadeira escritório​,C,63,0,"18,100",,n/a,n/a,24,1.66,1.00,6,194,1 month
cadeira para escritorio,cadeira para escritorio​,C,64,0,"18,100",,n/a,n/a,32,1.30,1.00,7,199,1 month
cadeira para mesa de jantar,cadeira para mesa de jantar​,I,58,0,"18,100",,n/a,n/a,18,0.47,1.00,8,150,1 month
mesa lateral,mesa lateral​,I,53,0,"18,100",,n/a,n/a,13,0.93,1.00,6,199,1 month
poltronas,poltronas​,I,53,0,"18,100",,n/a,n/a,25,0.83,1.00,7,197,1 month
poltronas para sala,poltronas para sala​,I,50,0,"18,100",,n/a,n/a,30,0.47,1.00,6,122,1 month
cadeira allegra,cadeira allegra​,I,57,0,"14,800",,n/a,n/a,10,0.57,1.00,9,196,1 month
cadeira de jantar,cadeira de jantar​,C,62,0,"14,800",,n/a,n/a,21,0.57,1.00,7,201,1 month
cabideiro de chão,cabideiro de chão​,I,49,0,"12,100",,n/a,n/a,23,0.41,1.00,8,197,1 month
cadeira ergonomica escritório,cadeira ergonomica escritório​,C,62,0,"12,100",,n/a,n/a,32,1.55,1.00,7,191,1 month
cadeira escritório ergonômica,cadeira escritório ergonômica​,C,63,0,"12,100",,n/a,n/a,24,1.55,1.00,6,194,1 month
cadeira gamer barata,cadeira gamer barata​,C,57,0,"12,100",,n/a,n/a,41,0.31,1.00,6,192,1 month
cadeiras para sala de jantar,cadeiras para sala de jantar​,I,53,0,"12,100",,n/a,n/a,21,0.57,1.00,8,151,1 month
mesinha de canto,mesinha de canto​,I,50,0,"12,100",,n/a,n/a,27,0.47,1.00,7,193,1 month
poltrona para quarto,poltrona para quarto​,C,50,0,"12,100",,n/a,n/a,25,0.41,1.00,9,192,1 month
poltrona sala,poltrona sala​,C,51,0,"12,100",,n/a,n/a,28,0.57,1.00,7,198,1 month
cadeira de escritório ergonômica,cadeira de escritório ergonômica​,C,63,0,"9,900",,n/a,n/a,23,1.45,1.00,8,192,1 month
cadeira ergonômica,cadeira ergonômica​,C,64,0,"9,900",,n/a,n/a,29,1.24,1.00,7,188,1 month
cadeira giratoria,cadeira giratoria​,IC,66,0,"9,900",,n/a,n/a,19,0.98,1.00,8,190,1 month
cadeira mesa de jantar,cadeira mesa de jantar​,I,60,0,"9,900",,n/a,n/a,15,0.47,1.00,6,202,1 month
cadeira para escrivaninha,cadeira para escrivaninha​,IC,61,0,"9,900",,n/a,n/a,26,0.47,1.00,6,225,1 month
cadeiras de escritorio,cadeiras de escritorio​,C,61,0,"9,900",,n/a,n/a,29,1.19,1.00,9,199,1 month
cadeiras para cozinha,cadeiras para cozinha​,IT,53,0,"9,900",,n/a,n/a,16,0.41,1.00,6,n/a,1 month
mesa de canto para sala,mesa de canto para sala​,I,48,0,"9,900",,n/a,n/a,18,0.41,1.00,7,195,1 month
mesinha,mesinha​,IC,39,0,"9,900",,n/a,n/a,16,0.47,1.00,8,204,1 month
cadeira area externa,cadeira area externa​,C,55,0,"8,100",,n/a,n/a,23,0.57,1.00,7,195,1 month
cadeira cozinha,cadeira cozinha​,IT,54,0,"8,100",,n/a,n/a,19,0.41,1.00,8,179,1 month
cadeira eiffel,cadeira eiffel​,I,55,0,"8,100",,n/a,n/a,18,0.41,1.00,8,199,1 month
cadeira escritório presidente,cadeira escritório presidente​,I,62,0,"8,100",,n/a,n/a,21,1.19,1.00,8,203,1 month
cadeira gamer ergonomica,cadeira gamer ergonomica​,IC,55,0,"8,100",,n/a,n/a,30,0.67,1.00,7,156,1 month
cadeira jantar,cadeira jantar​,I,63,0,"8,100",,n/a,n/a,12,0.78,1.00,7,n/a,1 month
cadeiras de jantar,cadeiras de jantar​,I,56,0,"8,100",,n/a,n/a,16,0.57,1.00,7,196,1 month
cadeiras escritório,cadeiras escritório​,C,61,0,"8,100",,n/a,n/a,27,1.61,1.00,7,196,1 month
poltrona decorativa,poltrona decorativa​,IC,46,0,"8,100",,n/a,n/a,18,0.52,1.00,7,198,1 month
poltrona gamer,poltrona gamer​,I,46,0,"8,100",,n/a,n/a,31,0.47,1.00,9,188,1 month
cadeira acapulco,cadeira acapulco​,I,55,0,"6,600",,n/a,n/a,27,0.52,1.00,9,191,1 month
cadeira de escritório confortável,cadeira de escritório confortável​,C,60,0,"6,600",,n/a,n/a,26,1.55,1.00,7,195,1 month
cadeira ergonomica gamer,cadeira ergonomica gamer​,IC,53,0,"6,600",,n/a,n/a,39,0.57,1.00,9,184,1 month
cadeira escritorio confortavel,cadeira escritorio confortavel​,C,63,0,"6,600",,n/a,n/a,32,0.98,1.00,8,191,1 month
cadeira madeira,cadeira madeira​,C,60,0,"6,600",,n/a,n/a,9,0.83,1.00,6,194,1 month
cadeira para cozinha,cadeira para cozinha​,IT,53,0,"6,600",,n/a,n/a,20,0.41,1.00,8,196,1 month
cadeira presidente escritorio,cadeira presidente escritorio​,C,59,0,"6,600",,n/a,n/a,35,1.19,1.00,7,192,1 month
cadeira sala de jantar,cadeira sala de jantar​,IT,57,0,"6,600",,n/a,n/a,10,0.57,1.00,7,195,1 month
mesa de apoio,mesa de apoio​,I,43,0,"6,600",,n/a,n/a,13,0.73,1.00,9,197,1 month
mesinha de centro,mesinha de centro​,I,47,0,"6,600",,n/a,n/a,22,0.62,1.00,7,198,1 month
cadeira allegra preta,cadeira allegra preta​,I,51,0,"5,400",,n/a,n/a,23,0.57,1.00,5,10,1 month
cadeira de escritório simples,cadeira de escritório simples​,I,60,0,"5,400",,n/a,n/a,24,0.73,1.00,5,194,1 month
cadeira estofada,cadeira estofada​,IC,57,0,"5,400",,n/a,n/a,20,0.67,1.00,5,196,1 month
cadeira giratória,cadeira giratória​,C,60,0,"5,400",,n/a,n/a,20,0.98,1.00,7,194,1 month
cadeira para escritorio ergonomica,cadeira para escritorio ergonomica​,I,63,0,"5,400",,n/a,n/a,32,1.55,1.00,7,188,1 month
cadeira para escritório,cadeira para escritório​,C,64,0,"5,400",,n/a,n/a,28,1.30,1.00,6,161,1 month
cadeira para quarto,cadeira para quarto​,IT,54,0,"5,400",,n/a,n/a,27,0.41,1.00,6,8,1 month
cadeira para varanda,cadeira para varanda​,I,54,0,"5,400",,n/a,n/a,25,0.47,1.00,8,197,1 month
cadeira poltrona,cadeira poltrona​,C,64,0,"5,400",,n/a,n/a,21,0.78,1.00,5,203,1 month
cadeira preta,cadeira preta​,I,57,0,"5,400",,n/a,n/a,16,0.88,1.00,6,165,1 month
cadeira varanda,cadeira varanda​,I,62,0,"5,400",,n/a,n/a,23,0.47,1.00,5,8,1 month
cadeiras de madeira,cadeiras de madeira​,I,57,0,"5,400",,n/a,n/a,15,0.52,1.00,5,15.2M,1 month
cadeiras de sala jantar,cadeiras de sala jantar​,IC,54,0,"5,400",,n/a,n/a,11,0.57,1.00,5,198,1 month
poltronas para sala de estar,poltronas para sala de estar​,I,51,0,"5,400",,n/a,n/a,21,0.47,1.00,7,196,1 month
cabideiro de madeira,cabideiro de madeira​,I,51,0,"4,400",,n/a,n/a,27,0.36,1.00,8,199,1 month
cadeira alegra,cadeira alegra​,IT,54,0,"4,400",,n/a,n/a,17,0.57,1.00,7,193,1 month
cadeira branca,cadeira branca​,I,64,0,"4,400",,n/a,n/a,15,0.83,1.00,6,194,1 month
cadeira cesca,cadeira cesca​,IC,59,0,"4,400",,n/a,n/a,14,1.04,1.00,7,188,1 month
cadeira computador,cadeira computador​,C,62,0,"4,400",,n/a,n/a,23,0.57,1.00,7,201,1 month
cadeira de area,cadeira de area​,IC,54,0,"4,400",,n/a,n/a,24,0.31,1.00,6,199,1 month
cadeira de escritório presidente,cadeira de escritório presidente​,C,55,0,"4,400",,n/a,n/a,28,1.19,1.00,6,193,1 month
cadeira de madeira maciça,cadeira de madeira maciça​,C,55,0,"4,400",,n/a,n/a,15,0.47,1.00,5,122,1 month
cadeira de mesa de jantar,cadeira de mesa de jantar​,IT,56,0,"4,400",,n/a,n/a,12,0.47,1.00,7,198,1 month
cadeira de varanda,cadeira de varanda​,I,56,0,"4,400",,n/a,n/a,25,0.41,1.00,7,195,1 month
cadeira diretor,cadeira diretor​,IC,63,0,"4,400",,n/a,n/a,12,1.50,1.00,6,198,1 month
cadeira escritorio branca,cadeira escritorio branca​,IT,62,0,"4,400",,n/a,n/a,21,1.09,1.00,6,162,1 month
cadeira escrivaninha,cadeira escrivaninha​,I,59,0,"4,400",,n/a,n/a,25,0.47,1.00,6,208,1 month
cadeira game,cadeira game​,C,61,0,"4,400",,n/a,n/a,36,0.93,1.00,7,192,1 month
cadeira gruvyer,cadeira gruvyer​,C,53,0,"4,400",,n/a,n/a,17,0.52,1.00,7,194,1 month
cadeira madeira maciça,cadeira madeira maciça​,IC,56,0,"4,400",,n/a,n/a,16,0.67,1.00,8,194,1 month
cadeira para computador,cadeira para computador​,I,59,0,"4,400",,n/a,n/a,27,0.57,1.00,6,196,1 month
cadeira para estudo,cadeira para estudo​,I,61,0,"4,400",,n/a,n/a,22,0.47,1.00,8,201,1 month
cadeira para sala,cadeira para sala​,I,58,0,"4,400",,n/a,n/a,21,0.36,1.00,5,150,1 month
cadeiras para area externa,cadeiras para area externa​,IC,50,0,"4,400",,n/a,n/a,21,0.57,1.00,5,8,1 month
cadeiras para escritorio,cadeiras para escritorio​,C,62,0,"4,400",,n/a,n/a,29,1.30,1.00,8,166,1 month
cadeiras para varanda,cadeiras para varanda​,I,50,0,"4,400",,n/a,n/a,25,0.47,1.00,7,190,1 month
mesa para centro de sala,mesa para centro de sala​,I,44,0,"4,400",,n/a,n/a,21,0.47,1.00,7,191,1 month
poltrona cadeira,poltrona cadeira​,C,66,0,"4,400",,n/a,n/a,20,0.83,1.00,7,216,1 month
poltrona giratória,poltrona giratória​,I,51,0,"4,400",,n/a,n/a,16,0.62,1.00,6,193,1 month
poltrona quarto,poltrona quarto​,I,50,0,"4,400",,n/a,n/a,23,0.41,1.00,8,194,1 month
poltrona sala de estar,poltrona sala de estar​,C,51,0,"4,400",,n/a,n/a,24,0.52,1.00,8,196,1 month
cabideiro de chao,cabideiro de chao​,C,49,0,"3,600",,n/a,n/a,22,0.36,1.00,8,206,1 month
cadeira confortável,cadeira confortável​,I,59,0,"3,600",,n/a,n/a,31,0.57,1.00,8,194,1 month
cadeira de cozinha,cadeira de cozinha​,I,54,0,"3,600",,n/a,n/a,25,0.41,1.00,6,10,1 month
cadeira do presidente,cadeira do presidente​,I,54,0,"3,600",,n/a,n/a,9,1.04,1.00,8,193,1 month
cadeira ergonômica para coluna,cadeira ergonômica para coluna​,C,52,0,"3,600",,n/a,n/a,14,0.00,0.00,8,177,1 month
cadeira escritorio presidente,cadeira escritorio presidente​,I,58,0,"3,600",,n/a,n/a,10,1.19,1.00,9,194,1 month
cadeira escritório simples,cadeira escritório simples​,I,59,0,"3,600",,n/a,n/a,22,0.83,1.00,5,198,1 month
cadeira executiva,cadeira executiva​,I,55,0,"3,600",,n/a,n/a,9,1.35,1.00,5,10,1 month
cadeira giratória escritório,cadeira giratória escritório​,I,59,0,"3,600",,n/a,n/a,21,1.14,1.00,7,158,1 month
cadeira giratória para escritório,cadeira giratória para escritório​,I,58,0,"3,600",,n/a,n/a,16,1.14,1.00,5,n/a,1 month
cadeira home office,cadeira home office​,C,63,0,"3,600",,n/a,n/a,27,0.78,1.00,7,195,1 month
cadeira ortopédica,cadeira ortopédica​,C,64,0,"3,600",,n/a,n/a,21,0.00,0.00,6,176,1 month
cadeira para area externa,cadeira para area externa​,C,52,0,"3,600",,n/a,n/a,28,0.62,1.00,6,201,1 month
cadeira para escritorio presidente,cadeira para escritorio presidente​,C,55,0,"3,600",,n/a,n/a,19,1.19,1.00,9,194,1 month
cadeira quarto,cadeira quarto​,I,56,0,"3,600",,n/a,n/a,25,0.36,1.00,6,180,1 month
cadeira recepção,cadeira recepção​,C,54,0,"3,600",,n/a,n/a,13,1.04,1.00,6,181,1 month
cadeira rosa,cadeira rosa​,C,53,0,"3,600",,n/a,n/a,20,12.08,1.00,7,193,1 month
cadeira secretaria,cadeira secretaria​,C,60,0,"3,600",,n/a,n/a,21,1.40,1.00,5,158,1 month
cadeiras ergonomicas,cadeiras ergonomicas​,C,63,0,"3,600",,n/a,n/a,20,0.98,1.00,6,186,1 month
cadeiras mesa de jantar,cadeiras mesa de jantar​,I,56,0,"3,600",,n/a,n/a,13,0.47,1.00,7,207,1 month
cadeiras na sala de estar,cadeiras na sala de estar​,IC,52,0,"3,600",,n/a,n/a,20,0.47,1.00,7,190,1 month
cadeiras para gamers,cadeiras para gamers​,IC,54,0,"3,600",,n/a,n/a,37,0.93,1.00,7,197,1 month
cadeiras para sala,cadeiras para sala​,I,58,0,"3,600",,n/a,n/a,19,0.36,1.00,8,196,1 month
dt3 cadeiras,dt3 cadeiras​,TN,50,0,"3,600",,n/a,n/a,41,0.47,1.00,7,233,1 month
ergonômica,ergonômica​,I,41,0,"3,600",,n/a,n/a,17,1.55,0.05,8,182,1 month
mesa de apoio lateral,mesa de apoio lateral​,I,45,0,"3,600",,n/a,n/a,7,0.73,1.00,7,199,1 month
mesa lateral para sala,mesa lateral para sala​,I,49,0,"3,600",,n/a,n/a,20,0.57,1.00,7,198,1 month
poltrona confortável,poltrona confortável​,I,52,0,"3,600",,n/a,n/a,20,0.83,1.00,8,194,1 month
poltrona escritorio,poltrona escritorio​,C,54,0,"3,600",,n/a,n/a,27,1.19,1.00,6,10,1 month
poltronas confortáveis,poltronas confortáveis​,I,46,0,"3,600",,n/a,n/a,21,0.93,1.00,7,192,1 month
poltronas decorativas,poltronas decorativas​,I,45,0,"3,600",,n/a,n/a,19,0.52,1.00,8,196,1 month
cabideiro mancebo,cabideiro mancebo​,I,46,0,"2,900",,n/a,n/a,25,0.41,1.00,7,207,1 month
cadeira alta,cadeira alta​,C,63,0,"2,900",,n/a,n/a,23,0.62,1.00,7,214,1 month
cadeira branca escritorio,cadeira branca escritorio​,IT,58,0,"2,900",,n/a,n/a,19,0.98,1.00,6,180,1 month
cadeira de computador,cadeira de computador​,C,59,0,"2,900",,n/a,n/a,28,0.57,1.00,6,197,1 month
cadeira de escritorio branca,cadeira de escritorio branca​,IC,60,0,"2,900",,n/a,n/a,24,0.88,1.00,5,154,1 month
cadeira de escritorio simples,cadeira de escritorio simples​,I,59,0,"2,900",,n/a,n/a,24,0.73,1.00,6,201,1 month
cadeira de estudo,cadeira de estudo​,C,61,0,"2,900",,n/a,n/a,23,0.47,1.00,7,202,1 month
cadeira de gamer,cadeira de gamer​,C,55,0,"2,900",,n/a,n/a,36,0.47,1.00,7,195,1 month
cadeira de jardim,cadeira de jardim​,I,51,0,"2,900",,n/a,n/a,21,0.52,1.00,5,184,1 month
cadeira ergometrica,cadeira ergometrica​,I,61,0,"2,900",,n/a,n/a,25,1.14,1.00,7,187,1 month
cadeira ergonomica home office,cadeira ergonomica home office​,I,59,0,"2,900",,n/a,n/a,21,1.24,1.00,8,194,1 month
cadeira ergonomica presidente,cadeira ergonomica presidente​,I,60,0,"2,900",,n/a,n/a,19,1.09,1.00,8,189,1 month
cadeira ergonômica gamer,cadeira ergonômica gamer​,C,52,0,"2,900",,n/a,n/a,24,0.62,1.00,8,183,1 month
cadeira gamer branca,cadeira gamer branca​,I,56,0,"2,900",,n/a,n/a,21,0.47,1.00,7,181,1 month
cadeira office,cadeira office​,C,71,0,"2,900",,n/a,n/a,21,1.35,1.00,7,192,1 month
cadeira para mesa,cadeira para mesa​,I,64,0,"2,900",,n/a,n/a,15,0.36,1.00,6,194,1 month
cadeira para sala de jantar,cadeira para sala de jantar​,I,57,0,"2,900",,n/a,n/a,11,0.47,1.00,8,192,1 month
cadeira pra jogar por horas,cadeira pra jogar por horas​,IC,53,0,"2,900",,n/a,n/a,35,0.00,1.00,5,183,1 month
cadeira presidente ergonômica,cadeira presidente ergonômica​,C,61,0,"2,900",,n/a,n/a,24,1.09,1.00,8,166,1 month
cadeira simples de escritorio,cadeira simples de escritorio​,IC,59,0,"2,900",,n/a,n/a,27,0.73,1.00,7,208,1 month
cadeiras e poltronas,cadeiras e poltronas​,T,56,0,"2,900",,n/a,n/a,16,0.83,1.00,8,195,1 month
cadeiras em madeira,cadeiras em madeira​,I,55,0,"2,900",,n/a,n/a,17,0.83,1.00,6,192,1 month
cadeiras gamer,cadeiras gamer​,C,55,0,"2,900",,n/a,n/a,27,0.93,1.00,6,188,1 month
centro de sala,centro de sala​,I,45,0,"2,900",,n/a,n/a,24,0.31,1.00,8,191,1 month
centros de salas,centros de salas​,IC,41,0,"2,900",,n/a,n/a,23,0.31,1.00,7,179,1 month
mancebo cabideiro,mancebo cabideiro​,IC,49,0,"2,900",,n/a,n/a,25,0.41,1.00,8,206,1 month
mesa de canto para quarto,mesa de canto para quarto​,I,44,0,"2,900",,n/a,n/a,26,0.41,1.00,8,199,1 month
mesinha de canto para sala,mesinha de canto para sala​,I,47,0,"2,900",,n/a,n/a,24,0.31,1.00,7,194,1 month
mesinhas para canto de sala,mesinhas para canto de sala​,I,45,0,"2,900",,n/a,n/a,18,0.21,1.00,7,222,1 month
poltrona confortável para sala,poltrona confortável para sala​,I,51,0,"2,900",,n/a,n/a,24,0.57,1.00,7,194,1 month
poltrona giratoria,poltrona giratoria​,IC,49,0,"2,900",,n/a,n/a,20,1.04,1.00,7,194,1 month
poltronas para sala de tv,poltronas para sala de tv​,I,40,0,"2,900",,n/a,n/a,23,0.47,1.00,8,189,1 month
cabideiros de madeira,cabideiros de madeira​,I,51,0,"2,400",,n/a,n/a,18,0.36,1.00,7,195,1 month
cadeira balcao,cadeira balcao​,I,57,0,"2,400",,n/a,n/a,25,0.31,1.00,5,218,1 month
cadeira bancada,cadeira bancada​,IT,56,0,"2,400",,n/a,n/a,22,0.41,1.00,6,224,1 month
cadeira confortavel,cadeira confortavel​,I,63,0,"2,400",,n/a,n/a,33,0.62,1.00,7,208,1 month
cadeira consultorio,cadeira consultorio​,C,60,0,"2,400",,n/a,n/a,26,1.09,1.00,6,155,1 month
cadeira de area externa,cadeira de area externa​,IC,55,0,"2,400",,n/a,n/a,21,0.41,1.00,7,192,1 month
cadeira de escritorio presidente,cadeira de escritorio presidente​,IT,58,0,"2,400",,n/a,n/a,16,1.14,1.00,9,191,1 month
cadeira de estudos,cadeira de estudos​,I,57,0,"2,400",,n/a,n/a,25,0.47,1.00,6,224,1 month
cadeira em madeira maciça,cadeira em madeira maciça​,I,57,0,"2,400",,n/a,n/a,13,0.67,1.00,7,193,1 month
cadeira ergométrica,cadeira ergométrica​,C,62,0,"2,400",,n/a,n/a,25,1.14,1.00,8,184,1 month
cadeira estudo,cadeira estudo​,I,58,0,"2,400",,n/a,n/a,25,0.47,1.00,8,212,1 month
cadeira estudos,cadeira estudos​,C,57,0,"2,400",,n/a,n/a,25,0.47,1.00,7,212,1 month
cadeira gamer tecido,cadeira gamer tecido​,T,55,0,"2,400",,n/a,n/a,22,0.47,1.00,8,184,1 month
cadeira jardim,cadeira jardim​,I,52,0,"2,400",,n/a,n/a,22,0.57,1.00,6,185,1 month
cadeira para bancada,cadeira para bancada​,IC,54,0,"2,400",,n/a,n/a,27,0.41,1.00,7,243,1 month
cadeira para escritorio simples,cadeira para escritorio simples​,IC,60,0,"2,400",,n/a,n/a,25,0.78,1.00,7,216,1 month
cadeira para gamer barata,cadeira para gamer barata​,C,52,0,"2,400",,n/a,n/a,39,0.31,1.00,3,10,1 month
cadeira pc,cadeira pc​,C,65,0,"2,400",,n/a,n/a,34,0.47,1.00,7,191,1 month
cadeira sala de estar,cadeira sala de estar​,IC,62,0,"2,400",,n/a,n/a,18,0.47,1.00,7,203,1 month
cadeira transparente,cadeira transparente​,I,50,0,"2,400",,n/a,n/a,16,0.47,1.00,6,181,1 month
cadeiras allegra preta,cadeiras allegra preta​,I,50,0,"2,400",,n/a,n/a,24,0.57,1.00,8,195,1 month
cadeiras de escritório,cadeiras de escritório​,C,57,0,"2,400",,n/a,n/a,26,1.19,1.00,5,168,1 month
cadeiras para escritório,cadeiras para escritório​,C,61,0,"2,400",,n/a,n/a,24,1.30,1.00,6,10.3M,1 month
cadeiras para games,cadeiras para games​,C,52,0,"2,400",,n/a,n/a,30,0.67,1.00,8,183,1 month
cadeiras para mesa,cadeiras para mesa​,C,60,0,"2,400",,n/a,n/a,23,0.36,1.00,7,195,1 month
cadeiras sala de jantar,cadeiras sala de jantar​,I,55,0,"2,400",,n/a,n/a,10,0.57,1.00,6,197,1 month
dazz dazz,dazz dazz​,T,36,0,"2,400",,n/a,n/a,20,0.47,0.20,7,196,1 month
kit 4 banquetas para cozinha americana,kit 4 banquetas para cozinha americana​,C,38,0,"2,400",,n/a,n/a,25,0.31,1.00,7,205,1 month
mesa centro sala,mesa centro sala​,I,46,0,"2,400",,n/a,n/a,16,0.57,1.00,7,194,1 month
mesa de canto quarto,mesa de canto quarto​,IC,44,0,"2,400",,n/a,n/a,27,0.41,1.00,8,163,1 month
mesa de centro sala,mesa de centro sala​,I,46,0,"2,400",,n/a,n/a,20,0.57,1.00,7,193M,1 month
mesa para centro da sala,mesa para centro da sala​,IC,49,0,"2,400",,n/a,n/a,19,0.57,1.00,7,179,1 month
mesas de centro para sala,mesas de centro para sala​,IC,46,0,"2,400",,n/a,n/a,29,0.47,1.00,6,199,1 month
mesinha de centro para sala,mesinha de centro para sala​,C,44,0,"2,400",,n/a,n/a,26,0.31,1.00,7,198,1 month
pequenas poltronas,pequenas poltronas​,C,48,0,"2,400",,n/a,n/a,28,0.52,1.00,6,191,1 month
poltrona conforto,poltrona conforto​,I,46,0,"2,400",,n/a,n/a,26,0.83,1.00,7,191,1 month
poltrona decorativa para sala,poltrona decorativa para sala​,IC,47,0,"2,400",,n/a,n/a,22,0.41,1.00,7,193,1 month
poltrona giratória para sala,poltrona giratória para sala​,IC,47,0,"2,400",,n/a,n/a,28,0.52,1.00,8,194,1 month
poltrona no quarto,poltrona no quarto​,C,50,0,"2,400",,n/a,n/a,25,0.41,1.00,8,190,1 month
poltrona para escritorio,poltrona para escritorio​,C,56,0,"2,400",,n/a,n/a,15,0.98,1.00,6,188,1 month
poltrona para sala confortável,poltrona para sala confortável​,C,50,0,"2,400",,n/a,n/a,24,0.57,1.00,8,185,1 month
poltronas confortaveis para sala,poltronas confortaveis para sala​,IC,49,0,"2,400",,n/a,n/a,21,0.57,1.00,10,198,1 month
poltronas decorativa sala,poltronas decorativa sala​,C,46,0,"2,400",,n/a,n/a,17,0.41,1.00,5,198,1 month
poltronas para escritorio,poltronas para escritorio​,I,51,0,"2,400",,n/a,n/a,15,0.98,1.00,6,177,1 month
poltronas para sala de estar modernas,poltronas para sala de estar modernas​,I,51,0,"2,400",,n/a,n/a,24,0.57,1.00,8,188,1 month
poltronas sala,poltronas sala​,C,52,0,"2,400",,n/a,n/a,22,0.46,1.00,7,188,1 month
cadeira acolchoada,cadeira acolchoada​,I,63,0,"1,900",,n/a,n/a,21,0.57,1.00,7,196,1 month
cadeira allegra tramontina,cadeira allegra tramontina​,I,54,0,"1,900",,n/a,n/a,23,0.41,1.00,7,174,1 month
cadeira branca de escritorio,cadeira branca de escritorio​,I,56,0,"1,900",,n/a,n/a,19,0.88,1.00,6,213,1 month
cadeira com braço,cadeira com braço​,I,65,0,"1,900",,n/a,n/a,15,0.72,1.00,5,193,1 month
cadeira de,cadeira de​,T,57,0,"1,900",,n/a,n/a,17,1.19,0.99,7,199,1 month
cadeira de mesa,cadeira de mesa​,C,64,0,"1,900",,n/a,n/a,15,0.46,1.00,6,191,1 month
cadeira decorativa,cadeira decorativa​,C,53,0,"1,900",,n/a,n/a,14,0.36,1.00,7,193,1 month
cadeira ergonomica escritorio,cadeira ergonomica escritorio​,C,62,0,"1,900",,n/a,n/a,21,1.55,1.00,7,188,1 month
cadeira escritorio ergonomica,cadeira escritorio ergonomica​,I,61,0,"1,900",,n/a,n/a,22,1.55,1.00,6,187,1 month
cadeira escritorio fixa,cadeira escritorio fixa​,C,55,0,"1,900",,n/a,n/a,7,1.39,1.00,6,575K,1 month
cadeira escritorio simples,cadeira escritorio simples​,I,61,0,"1,900",,n/a,n/a,20,0.77,1.00,7,196,1 month
cadeira fixa escritorio,cadeira fixa escritorio​,I,53,0,"1,900",,n/a,n/a,9,1.39,1.00,6,193,1 month
cadeira gamer preta,cadeira gamer preta​,IC,55,0,"1,900",,n/a,n/a,32,0.52,1.00,7,191,1 month
cadeira mesa jantar,cadeira mesa jantar​,I,59,0,"1,900",,n/a,n/a,11,0.77,1.00,7,201,1 month
cadeira para balcão,cadeira para balcão​,C,56,0,"1,900",,n/a,n/a,29,0.31,1.00,7,213,1 month
cadeira para escritorio fixa,cadeira para escritorio fixa​,I,57,0,"1,900",,n/a,n/a,7,1.39,1.00,5,190,1 month
cadeira para gamer,cadeira para gamer​,C,53,0,"1,900",,n/a,n/a,34,0.67,1.00,7,185,1 month
cadeira para mesa de cozinha,cadeira para mesa de cozinha​,C,54,0,"1,900",,n/a,n/a,21,0.31,1.00,7,216,1 month
cadeira para pc,cadeira para pc​,C,62,0,"1,900",,n/a,n/a,33,0.46,1.00,7,186,1 month
cadeira para sala de estar,cadeira para sala de estar​,I,57,0,"1,900",,n/a,n/a,19,0.46,1.00,8,215,1 month
cadeira para secretaria,cadeira para secretaria​,IC,59,0,"1,900",,n/a,n/a,24,1.39,1.00,7,198,1 month
cadeira presidente escritório,cadeira presidente escritório​,I,62,0,"1,900",,n/a,n/a,12,1.19,1.00,7,186,1 month
cadeira simples escritorio,cadeira simples escritorio​,IC,60,0,"1,900",,n/a,n/a,18,0.77,1.00,6,194,1 month
cadeira verde,cadeira verde​,I,62,0,"1,900",,n/a,n/a,19,0.93,1.00,7,174,1 month
cadeiras allegra,cadeiras allegra​,I,54,0,"1,900",,n/a,n/a,22,0.62,1.00,6,183,1 month
cadeiras branca,cadeiras branca​,I,51,0,"1,900",,n/a,n/a,20,0.82,1.00,6,226,1 month
cadeiras de computadores,cadeiras de computadores​,C,58,0,"1,900",,n/a,n/a,13,0.57,1.00,5,201,1 month
cadeiras de cozinha,cadeiras de cozinha​,C,53,0,"1,900",,n/a,n/a,18,0.41,1.00,8,169,1 month
cadeiras de jantar modernas e baratas,cadeiras de jantar modernas e baratas​,I,51,0,"1,900",,n/a,n/a,12,0.41,1.00,7,191,1 month
cadeiras escritorio,cadeiras escritorio​,C,61,0,"1,900",,n/a,n/a,19,1.60,1.00,6,193,1 month
cadeiras gruvyer,cadeiras gruvyer​,I,52,0,"1,900",,n/a,n/a,25,0.52,1.00,9,195,1 month
cadeiras jantar,cadeiras jantar​,I,56,0,"1,900",,n/a,n/a,9,0.77,1.00,6,199,1 month
cadeiras para escritorio confortaveis,cadeiras para escritorio confortaveis​,C,57,0,"1,900",,n/a,n/a,24,0.88,1.00,7,188,1 month
cadeiras para recepção,cadeiras para recepção​,I,51,0,"1,900",,n/a,n/a,12,1.03,1.00,7,173,1 month
cadeiras para sala de estar,cadeiras para sala de estar​,IC,53,0,"1,900",,n/a,n/a,19,0.46,1.00,10,192,1 month
ergonomica,ergonomica​,I,47,0,"1,900",,n/a,n/a,21,2.06,1.00,7,176,1 month
loja de cadeiras de escritorio,loja de cadeiras de escritorio​,C,59,0,"1,900",,n/a,n/a,26,2.42,1.00,5,202,1 month
melhores cadeiras ergonomicas,melhores cadeiras ergonomicas​,C,49,0,"1,900",,n/a,n/a,19,1.24,1.00,8,164,1 month
mesa 4 cadeiras preta,mesa 4 cadeiras preta​,I,45,0,"1,900",,n/a,n/a,21,0.72,1.00,7,225,1 month
mesa lateral madeira,mesa lateral madeira​,IC,54,0,"1,900",,n/a,n/a,14,1.03,1.00,6,192,1 month
mesa lateral redonda,mesa lateral redonda​,I,49,0,"1,900",,n/a,n/a,18,0.88,1.00,8,196,1 month
mesinha canto de sala,mesinha canto de sala​,I,46,0,"1,900",,n/a,n/a,14,0.31,1.00,7,154,1 month
mesinha de canto sala,mesinha de canto sala​,I,47,0,"1,900",,n/a,n/a,17,0.31,1.00,7,197,1 month
mesinha lateral,mesinha lateral​,IC,51,0,"1,900",,n/a,n/a,21,0.93,1.00,7,149,1 month
moveis para varanda,moveis para varanda​,I,48,0,"1,900",,n/a,n/a,20,0.82,1.00,8,197,1 month
poltrona de sala,poltrona de sala​,IC,53,0,"1,900",,n/a,n/a,24,0.41,1.00,7,195,1 month
poltrona na sala,poltrona na sala​,C,50,0,"1,900",,n/a,n/a,21,0.46,1.00,8,193,1 month
poltrona para sala de estar,poltrona para sala de estar​,I,53,0,"1,900",,n/a,n/a,21,0.46,1.00,7,189,1 month
poltrona para sala moderna,poltrona para sala moderna​,I,51,0,"1,900",,n/a,n/a,23,0.46,1.00,8,190,1 month
poltrona para sala pequena,poltrona para sala pequena​,I,47,0,"1,900",,n/a,n/a,30,0.36,1.00,8,190,1 month
poltrona pequeno,poltrona pequeno​,I,46,0,"1,900",,n/a,n/a,21,0.52,1.00,6,196,1 month
poltrona sala pequena,poltrona sala pequena​,I,49,0,"1,900",,n/a,n/a,28,0.36,1.00,8,190,1 month
poltronas confortáveis para sala,poltronas confortáveis para sala​,C,48,0,"1,900",,n/a,n/a,18,0.57,1.00,8,194,1 month
assento cadeiras,assento cadeiras​,C,46,0,"1,600",,n/a,n/a,21,0.26,1.00,9,200,1 month
cabide mancebo,cabide mancebo​,IC,45,0,"1,600",,n/a,n/a,29,0.41,1.00,7,27.4K,1 month
cabideiros de chão,cabideiros de chão​,C,55,0,"1,600",,n/a,n/a,18,0.41,1.00,7,188,1 month
cadeira confortável para estudar,cadeira confortável para estudar​,IC,57,0,"1,600",,n/a,n/a,23,0.41,1.00,11,190,1 month
cadeira de acrilico,cadeira de acrilico​,C,48,0,"1,600",,n/a,n/a,21,0.41,1.00,7,186,1 month
cadeira de encosto,cadeira de encosto​,I,47,0,"1,600",,n/a,n/a,5,0.21,1.00,8,187,1 month
cadeira de escritorio rosa,cadeira de escritorio rosa​,I,54,0,"1,600",,n/a,n/a,26,0.57,1.00,8,228,1 month
cadeira de escritório giratória,cadeira de escritório giratória​,C,59,0,"1,600",,n/a,n/a,17,1.13,1.00,7,192,1 month
cadeira de game,cadeira de game​,C,56,0,"1,600",,n/a,n/a,39,0.46,1.00,7,191,1 month
cadeira de jantar estofada,cadeira de jantar estofada​,C,54,0,"1,600",,n/a,n/a,18,0.57,1.00,8,198,1 month
cadeira de jantar madeira,cadeira de jantar madeira​,I,56,0,"1,600",,n/a,n/a,5,0.52,1.00,7,190,1 month
cadeira de madeira para mesa de jantar,cadeira de madeira para mesa de jantar​,C,51,0,"1,600",,n/a,n/a,15,0.41,1.00,6,194,1 month
cadeira de mesa cozinha,cadeira de mesa cozinha​,IC,50,0,"1,600",,n/a,n/a,20,0.31,1.00,7,193,1 month
cadeira de rodinha,cadeira de rodinha​,I,53,0,"1,600",,n/a,n/a,23,0.72,1.00,7,233,1 month
cadeira de sala,cadeira de sala​,I,60,0,"1,600",,n/a,n/a,14,0.46,1.00,8,197,1 month
cadeira ergometrica escritorio,cadeira ergometrica escritorio​,C,58,0,"1,600",,n/a,n/a,22,1.34,1.00,6,191,1 month
cadeira escritorio preta,cadeira escritorio preta​,I,61,0,"1,600",,n/a,n/a,23,1.60,1.00,7,189,1 month
cadeira escritorio rosa,cadeira escritorio rosa​,I,56,0,"1,600",,n/a,n/a,16,0.82,1.00,9,213,1 month
cadeira externa,cadeira externa​,C,57,0,"1,600",,n/a,n/a,21,0.77,1.00,6,195,1 month
cadeira gamer dazz,cadeira gamer dazz​,IT,46,0,"1,600",,n/a,n/a,21,0.31,1.00,10,190,1 month
cadeira ganer,cadeira ganer​,C,59,0,"1,600",,n/a,n/a,39,0.93,1.00,7,190,1 month
cadeira mesa,cadeira mesa​,C,64,0,"1,600",,n/a,n/a,19,0.72,1.00,6,197,1 month
cadeira mesh,cadeira mesh​,I,58,0,"1,600",,n/a,n/a,15,1.13,1.00,9,205,1 month
cadeira para consultorio,cadeira para consultorio​,C,55,0,"1,600",,n/a,n/a,19,1.08,1.00,7,187,1 month
cadeira para escritorio branca,cadeira para escritorio branca​,IC,60,0,"1,600",,n/a,n/a,21,1.08,1.00,6,177,1 month
cadeira para jardim,cadeira para jardim​,I,54,0,"1,600",,n/a,n/a,24,0.57,1.00,6,190,1 month
cadeira paris,cadeira paris​,I,56,0,"1,600",,n/a,n/a,7,0.98,1.00,8,190,1 month
cadeira presidente de escritório,cadeira presidente de escritório​,C,59,0,"1,600",,n/a,n/a,11,1.13,1.00,6,197,1 month
cadeira rosa escritorio,cadeira rosa escritorio​,IC,53,0,"1,600",,n/a,n/a,24,0.82,1.00,8,220,1 month
cadeiras area externa,cadeiras area externa​,I,54,0,"1,600",,n/a,n/a,24,0.57,1.00,7,192,1 month
cadeiras cozinha,cadeiras cozinha​,C,50,0,"1,600",,n/a,n/a,17,0.41,1.00,6,167,1 month
cadeiras de escritório ergonômicas,cadeiras de escritório ergonômicas​,C,59,0,"1,600",,n/a,n/a,21,1.44,1.00,7,190,1 month
cadeiras de fabrica,cadeiras de fabrica​,C,45,0,"1,600",,n/a,n/a,22,2.11,1.00,7,189,1 month
cadeiras de madeira maciça,cadeiras de madeira maciça​,I,52,0,"1,600",,n/a,n/a,12,0.46,1.00,7,188,1 month
cadeiras de madeiras para mesa de jantar,cadeiras de madeiras para mesa de jantar​,I,50,0,"1,600",,n/a,n/a,13,0.41,1.00,8,191,1 month
cadeiras de varanda,cadeiras de varanda​,IC,52,0,"1,600",,n/a,n/a,24,0.41,1.00,7,186,1 month
cadeiras para bancada de cozinha,cadeiras para bancada de cozinha​,I,50,0,"1,600",,n/a,n/a,26,0.36,1.00,7,221,1 month
cadeiras para jantar,cadeiras para jantar​,I,53,0,"1,600",,n/a,n/a,13,0.67,1.00,7,196,1 month
cadeiras para jardim,cadeiras para jardim​,IC,52,0,"1,600",,n/a,n/a,19,0.57,1.00,6,186,1 month
cadeiras para mesa de cozinha,cadeiras para mesa de cozinha​,I,51,0,"1,600",,n/a,n/a,19,0.31,1.00,7,214,1 month
cadeiras para mesa jantar,cadeiras para mesa jantar​,C,55,0,"1,600",,n/a,n/a,10,0.77,1.00,7,198,1 month
cadeiras para sala de jantar modernas,cadeiras para sala de jantar modernas​,I,51,0,"1,600",,n/a,n/a,10,0.52,1.00,8,189,1 month
cadeirões de sala,cadeirões de sala​,C,39,0,"1,600",,n/a,n/a,25,0.46,1.00,7,192,1 month
casa bahia poltrona,casa bahia poltrona​,N,49,0,"1,600",,n/a,n/a,31,0.26,1.00,5,188,1 month
casa da cadeira,casa da cadeira​,C,59,0,"1,600",,n/a,n/a,29,1.55,1.00,8,160,1 month
encosto de cadeira,encosto de cadeira​,I,53,0,"1,600",,n/a,n/a,9,0.21,1.00,8,207,1 month
fabrica de cadeiras,fabrica de cadeiras​,C,42,0,"1,600",,n/a,n/a,23,2.11,1.00,8,190,1 month
kit cadeiras,kit cadeiras​,I,56,0,"1,600",,n/a,n/a,18,0.52,1.00,6,178,1 month
kit poltrona para sala,kit poltrona para sala​,I,45,0,"1,600",,n/a,n/a,25,0.36,1.00,8,208,1 month
loja de cadeiras,loja de cadeiras​,C,60,0,"1,600",,n/a,n/a,31,1.65,1.00,10,193,1 month
loja de cadeiras para escritorio,loja de cadeiras para escritorio​,C,60,0,"1,600",,n/a,n/a,25,2.42,1.00,7,197,1 month
mesa de canto decorativa para sala,mesa de canto decorativa para sala​,I,45,0,"1,600",,n/a,n/a,27,0.36,1.00,7,239,1 month
mesa de canto para cozinha,mesa de canto para cozinha​,IC,47,0,"1,600",,n/a,n/a,21,0.46,1.00,9,210,1 month
mesa lateral cama,mesa lateral cama​,I,49,0,"1,600",,n/a,n/a,20,0.72,1.00,7,195,1 month
mesa para sofa,mesa para sofa​,IC,47,0,"1,600",,n/a,n/a,21,0.46,1.00,8,190,1 month
mesa redonda lateral,mesa redonda lateral​,I,51,0,"1,600",,n/a,n/a,16,0.88,1.00,8,191,1 month
mesas de canto quarto,mesas de canto quarto​,I,45,0,"1,600",,n/a,n/a,26,0.00,1.00,8,202,1 month
mesas pequena para sala,mesas pequena para sala​,IC,46,0,"1,600",,n/a,n/a,26,0.36,1.00,9,204,1 month
mesinha centro,mesinha centro​,I,46,0,"1,600",,n/a,n/a,16,0.88,1.00,6,198,1 month
mesinhas de canto sala,mesinhas de canto sala​,IC,47,0,"1,600",,n/a,n/a,14,0.31,1.00,6,207,1 month
poltrona confortavel,poltrona confortavel​,C,52,0,"1,600",,n/a,n/a,23,0.82,1.00,6,187,1 month
poltrona decorativa sala,poltrona decorativa sala​,IC,43,0,"1,600",,n/a,n/a,19,0.41,1.00,8,194,1 month
poltrona escritório,poltrona escritório​,I,62,0,"1,600",,n/a,n/a,7,1.13,1.00,5,188,1 month
poltrona giratória sala,poltrona giratória sala​,I,50,0,"1,600",,n/a,n/a,11,0.52,1.00,8,184,1 month
poltrona no quarto de casal,poltrona no quarto de casal​,C,42,0,"1,600",,n/a,n/a,26,0.46,1.00,7,183,1 month
poltrona para mesa de jantar,poltrona para mesa de jantar​,C,51,0,"1,600",,n/a,n/a,25,0.57,1.00,7,143,1 month
poltronas para quarto,poltronas para quarto​,C,48,0,"1,600",,n/a,n/a,23,0.41,1.00,8,192,1 month
rodas cadeiras de escritorio,rodas cadeiras de escritorio​,C,49,0,"1,600",,n/a,n/a,4,0.41,1.00,5,189,1 month
sala de jantar cadeiras,sala de jantar cadeiras​,C,53,0,"1,600",,n/a,n/a,8,0.46,1.00,6,143,1 month
acapulco cadeira,acapulco cadeira​,IC,55,0,"1,300",,n/a,n/a,21,0.52,1.00,8,199,1 month
cabideiro de pé,cabideiro de pé​,I,50,0,"1,300",,n/a,n/a,26,0.36,1.00,8,213,1 month
cadeira acrilico,cadeira acrilico​,I,52,0,"1,300",,n/a,n/a,18,0.62,1.00,8,191,1 month
cadeira allegra original,cadeira allegra original​,IC,55,0,"1,300",,n/a,n/a,20,0.62,1.00,9,189,1 month
cadeira almofadada,cadeira almofadada​,I,64,0,"1,300",,n/a,n/a,21,0.57,1.00,7,187,1 month
cadeira azul,cadeira azul​,I,57,0,"1,300",,n/a,n/a,14,1.03,1.00,7,181,1 month
cadeira cinza,cadeira cinza​,I,66,0,"1,300",,n/a,n/a,18,0.93,1.00,5,187,1 month
cadeira couro escritorio,cadeira couro escritorio​,I,51,0,"1,300",,n/a,n/a,10,1.44,1.00,6,197,1 month
cadeira de escritorio mercado livre,cadeira de escritorio mercado livre​,IT,46,0,"1,300",,n/a,n/a,42,0.57,1.00,4,164,1 month
cadeira de escritorio sem braço,cadeira de escritorio sem braço​,C,55,0,"1,300",,n/a,n/a,13,0.98,1.00,8,169,1 month
cadeira de escritorio usada,cadeira de escritorio usada​,C,54,0,"1,300",,n/a,n/a,23,0.36,1.00,6,165,1 month
cadeira de escritório rosa,cadeira de escritório rosa​,IC,56,0,"1,300",,n/a,n/a,23,0.57,1.00,9,213,1 month
cadeira de espera,cadeira de espera​,C,53,0,"1,300",,n/a,n/a,29,0.62,1.00,5,195,1 month
cadeira de gaming,cadeira de gaming​,C,54,0,"1,300",,n/a,n/a,33,0.46,1.00,5,196,1 month
cadeira de jantar moderna,cadeira de jantar moderna​,C,59,0,"1,300",,n/a,n/a,16,0.52,1.00,8,191,1 month
cadeira de área,cadeira de área​,C,59,0,"1,300",,n/a,n/a,26,0.31,1.00,8,189,1 month
cadeira decorativa para sala,cadeira decorativa para sala​,I,55,0,"1,300",,n/a,n/a,22,0.36,1.00,7,197,1 month
cadeira diretor escritorio,cadeira diretor escritorio​,I,57,0,"1,300",,n/a,n/a,6,1.96,1.00,6,191,1 month
cadeira eiffel estofada,cadeira eiffel estofada​,C,52,0,"1,300",,n/a,n/a,28,0.46,1.00,7,270,1 month
cadeira ergonomica branca,cadeira ergonomica branca​,IC,60,0,"1,300",,n/a,n/a,21,0.82,1.00,7,205,1 month
cadeira ergonómica,cadeira ergonómica​,C,67,0,"1,300",,n/a,n/a,22,0.98,1.00,7,197,1 month
cadeira ergonômica escritório,cadeira ergonômica escritório​,I,62,0,"1,300",,n/a,n/a,23,1.55,1.00,7,185,1 month
cadeira ergonômica para escritório,cadeira ergonômica para escritório​,I,62,0,"1,300",,n/a,n/a,31,1.34,1.00,7,191,1 month
cadeira escritorio bege,cadeira escritorio bege​,I,56,0,"1,300",,n/a,n/a,17,1.34,1.00,6,205,1 month
cadeira escritorio sem braço,cadeira escritorio sem braço​,C,53,0,"1,300",,n/a,n/a,12,1.19,1.00,7,193,1 month
cadeira escritório confortável,cadeira escritório confortável​,C,64,0,"1,300",,n/a,n/a,23,0.98,1.00,7,181,1 month
cadeira fixa,cadeira fixa​,I,51,0,"1,300",,n/a,n/a,5,1.70,1.00,6,192,1 month
cadeira gamer promoção,cadeira gamer promoção​,C,57,0,"1,300",,n/a,n/a,32,0.41,1.00,5,196,1 month
cadeira giratoria estofada,cadeira giratoria estofada​,IC,57,0,"1,300",,n/a,n/a,18,0.77,1.00,6,192,1 month
cadeira gruvyer preta,cadeira gruvyer preta​,IC,51,0,"1,300",,n/a,n/a,28,0.52,1.00,9,204,1 month
cadeira mesa de jantar moderna,cadeira mesa de jantar moderna​,I,56,0,"1,300",,n/a,n/a,12,0.62,1.00,7,194,1 month
cadeira na sala de estar,cadeira na sala de estar​,IC,53,0,"1,300",,n/a,n/a,22,0.46,1.00,10,200,1 month
cadeira no quarto,cadeira no quarto​,I,56,0,"1,300",,n/a,n/a,31,0.41,1.00,11,177,1 month
cadeira ortopedica,cadeira ortopedica​,I,64,0,"1,300",,n/a,n/a,21,0.00,0.00,7,182,1 month
cadeira para escritório branca,cadeira para escritório branca​,IC,58,0,"1,300",,n/a,n/a,18,1.08,1.00,7,184,1 month
cadeira para estudar,cadeira para estudar​,I,60,0,"1,300",,n/a,n/a,27,0.46,1.00,8,189,1 month
cadeira para estudos,cadeira para estudos​,I,58,0,"1,300",,n/a,n/a,22,0.46,1.00,8,209,1 month
cadeira para leitura,cadeira para leitura​,IC,54,0,"1,300",,n/a,n/a,24,0.57,1.00,9,181,1 month
cadeira para área externa,cadeira para área externa​,C,54,0,"1,300",,n/a,n/a,20,0.57,1.00,7,193,1 month
cadeira preta escritorio,cadeira preta escritorio​,I,62,0,"1,300",,n/a,n/a,21,1.60,1.00,7,191,1 month
cadeira sacada,cadeira sacada​,C,57,0,"1,300",,n/a,n/a,29,0.52,1.00,7,223,1 month
cadeira sala,cadeira sala​,IC,62,0,"1,300",,n/a,n/a,20,0.77,1.00,7,167,1 month
cadeira sala de espera,cadeira sala de espera​,I,51,0,"1,300",,n/a,n/a,18,0.77,1.00,5,190,1 month
cadeira sala de reunião,cadeira sala de reunião​,C,55,0,"1,300",,n/a,n/a,12,2.58,1.00,7,163,1 month
cadeira secretária giratória,cadeira secretária giratória​,IC,50,0,"1,300",,n/a,n/a,7,1.39,1.00,8,188,1 month
cadeira área externa,cadeira área externa​,I,53,0,"1,300",,n/a,n/a,21,0.57,1.00,7,195,1 month
cadeiras acolchoadas,cadeiras acolchoadas​,I,57,0,"1,300",,n/a,n/a,25,0.57,1.00,7,198,1 month
cadeiras alta para bancada,cadeiras alta para bancada​,C,51,0,"1,300",,n/a,n/a,26,0.46,1.00,7,221,1 month
cadeiras bancadas,cadeiras bancadas​,C,56,0,"1,300",,n/a,n/a,23,0.41,1.00,8,221,1 month
cadeiras de escritorio ergonomica,cadeiras de escritorio ergonomica​,C,62,0,"1,300",,n/a,n/a,20,1.44,1.00,8,186,1 month
cadeiras de madeira para sala de jantar,cadeiras de madeira para sala de jantar​,I,55,0,"1,300",,n/a,n/a,11,0.41,1.00,7,187,1 month
cadeiras de mesa de jantar,cadeiras de mesa de jantar​,I,56,0,"1,300",,n/a,n/a,7,0.46,1.00,6,197,1 month
cadeiras estofadas,cadeiras estofadas​,I,56,0,"1,300",,n/a,n/a,13,0.62,1.00,8,192,1 month
cadeiras estofadas de jantar,cadeiras estofadas de jantar​,C,53,0,"1,300",,n/a,n/a,15,0.57,1.00,8,176,1 month
cadeiras estudar,cadeiras estudar​,C,58,0,"1,300",,n/a,n/a,30,0.46,1.00,5,202,1 month
cadeiras madeira,cadeiras madeira​,IC,57,0,"1,300",,n/a,n/a,11,0.82,1.00,7,197,1 month
cadeiras para consultorio,cadeiras para consultorio​,I,51,0,"1,300",,n/a,n/a,21,1.08,1.00,6,193,1 month
cadeiras para mesa de jantar modernas,cadeiras para mesa de jantar modernas​,I,58,0,"1,300",,n/a,n/a,9,0.62,1.00,8,186,1 month
cadeiras para mesas de madeira,cadeiras para mesas de madeira​,IC,52,0,"1,300",,n/a,n/a,13,0.41,1.00,7,188,1 month
cadeiras para sala de espera,cadeiras para sala de espera​,I,53,0,"1,300",,n/a,n/a,22,0.77,1.00,7,192,1 month
cadeiras poltronas,cadeiras poltronas​,C,53,0,"1,300",,n/a,n/a,15,0.82,1.00,6,190,1 month
estofado para cadeira,estofado para cadeira​,I,48,0,"1,300",,n/a,n/a,24,0.77,1.00,8,196,1 month
kit cadeiras de jantar,kit cadeiras de jantar​,C,48,0,"1,300",,n/a,n/a,19,0.46,1.00,6,211,1 month
melhor cadeira gamer,melhor cadeira gamer​,C,45,0,"1,300",,n/a,n/a,24,0.88,1.00,8,176,1 month
mesa centro de sala,mesa centro de sala​,IC,46,0,"1,300",,n/a,n/a,16,0.57,1.00,7,197,1 month
mesinha de apoio,mesinha de apoio​,I,49,0,"1,300",,n/a,n/a,15,0.72,1.00,8,201,1 month
mesinha de sala,mesinha de sala​,C,48,0,"1,300",,n/a,n/a,24,0.57,1.00,8,215,1 month
mesinha lateral sala,mesinha lateral sala​,IT,51,0,"1,300",,n/a,n/a,18,0.57,1.00,7,195,1 month
mesinha para canto de sala,mesinha para canto de sala​,I,47,0,"1,300",,n/a,n/a,16,0.21,1.00,9,215,1 month
mesinha para sala,mesinha para sala​,C,47,0,"1,300",,n/a,n/a,26,0.26,1.00,8,191,1 month
modelo de cadeira de madeira,modelo de cadeira de madeira​,IC,57,0,"1,300",,n/a,n/a,27,0.47,1.00,9,184,1 month
modelos de cadeiras em madeira,modelos de cadeiras em madeira​,I,51,0,"1,300",,n/a,n/a,19,0.47,1.00,9,200,1 month
moveis externos,moveis externos​,C,40,0,"1,300",,n/a,n/a,21,1.55,1.00,8,205,1 month
moveis jardim,moveis jardim​,IT,42,0,"1,300",,n/a,n/a,27,0.93,1.00,5,121,1 month
poltrona mesa de jantar,poltrona mesa de jantar​,I,54,0,"1,300",,n/a,n/a,14,0.57,1.00,6,187,1 month
poltrona moderna,poltrona moderna​,C,47,0,"1,300",,n/a,n/a,24,0.93,1.00,8,198,1 month
poltrona para escritório,poltrona para escritório​,IC,53,0,"1,300",,n/a,n/a,14,1.14,1.00,5,187,1 month
poltrona para quarto de casal,poltrona para quarto de casal​,I,46,0,"1,300",,n/a,n/a,28,0.47,1.00,7,191,1 month
poltrona sala de espera,poltrona sala de espera​,IC,41,0,"1,300",,n/a,n/a,21,0.83,1.00,9,189,1 month
poltrona sala de tv,poltrona sala de tv​,I,44,0,"1,300",,n/a,n/a,21,0.47,1.00,8,184,1 month
poltronas de sala,poltronas de sala​,I,51,0,"1,300",,n/a,n/a,23,0.41,1.00,8,194,1 month
poltronas estilosas para sala,poltronas estilosas para sala​,I,50,0,"1,300",,n/a,n/a,23,0.52,1.00,9,186,1 month
poltronas pequena para sala,poltronas pequena para sala​,C,44,0,"1,300",,n/a,n/a,27,0.41,1.00,8,192,1 month
web cadeiras,web cadeiras​,N,46,0,"1,300",,n/a,n/a,20,6.43,1.00,9,158,1 month
webcadeiras fortaleza,webcadeiras fortaleza​,IT,40,0,"1,300",,n/a,n/a,35,7.98,0.62,9,107,1 month
cabideiro de chão madeira,cabideiro de chão madeira​,IC,50,0,"1,000",,n/a,n/a,17,0.41,1.00,7,194,1 month
cabideiro madeira,cabideiro madeira​,I,52,0,"1,000",,n/a,n/a,26,0.57,1.00,6,195,1 month
cadeira acrilico transparente,cadeira acrilico transparente​,I,48,0,"1,000",,n/a,n/a,21,0.52,1.00,8,178,1 month
cadeira barata,cadeira barata​,C,66,0,"1,000",,n/a,n/a,29,0.52,1.00,7,225,1 month
cadeira confortável para estudo,cadeira confortável para estudo​,I,55,0,"1,000",,n/a,n/a,18,0.41,1.00,9,194,1 month
cadeira de bancada,cadeira de bancada​,C,54,0,"1,000",,n/a,n/a,23,0.36,1.00,5,213,1 month
cadeira de couro escritorio,cadeira de couro escritorio​,IC,49,0,"1,000",,n/a,n/a,16,1.19,1.00,7,202,1 month
cadeira de escritorio confortavel,cadeira de escritorio confortavel​,IC,60,0,"1,000",,n/a,n/a,30,1.09,1.00,10,193,1 month
cadeira de escritorio em couro,cadeira de escritorio em couro​,IC,50,0,"1,000",,n/a,n/a,13,1.19,1.00,5,192,1 month
cadeira de escritorio fixa,cadeira de escritorio fixa​,I,53,0,"1,000",,n/a,n/a,10,1.40,1.00,5,164,1 month
cadeira de escritorio presidencial,cadeira de escritorio presidencial​,I,59,0,"1,000",,n/a,n/a,15,1.30,1.00,9,195,1 month
cadeira de escritorio preta,cadeira de escritorio preta​,I,62,0,"1,000",,n/a,n/a,18,1.30,1.00,8,191,1 month
cadeira de escrivaninha,cadeira de escrivaninha​,I,62,0,"1,000",,n/a,n/a,25,0.47,1.00,7,211,1 month
cadeira de madeira cozinha,cadeira de madeira cozinha​,C,51,0,"1,000",,n/a,n/a,18,0.36,1.00,7,164,1 month
cadeira de madeira estofada,cadeira de madeira estofada​,I,49,0,"1,000",,n/a,n/a,9,0.47,1.00,6,184,1 month
cadeira de madeira jantar,cadeira de madeira jantar​,I,55,0,"1,000",,n/a,n/a,12,0.52,1.00,8,185,1 month
cadeira de madeira para cozinha,cadeira de madeira para cozinha​,IC,52,0,"1,000",,n/a,n/a,18,0.36,1.00,8,195,1 month
cadeira de mesa para cozinha,cadeira de mesa para cozinha​,IC,50,0,"1,000",,n/a,n/a,16,0.31,1.00,7,233,1 month
cadeira de recepção,cadeira de recepção​,C,52,0,"1,000",,n/a,n/a,21,0.98,1.00,7,186,1 month
cadeira de sala de jantar,cadeira de sala de jantar​,I,55,0,"1,000",,n/a,n/a,10,0.47,1.00,8,191,1 month
cadeira design,cadeira design​,I,53,0,"1,000",,n/a,n/a,21,1.50,1.00,8,191,1 month
cadeira eifel,cadeira eifel​,I,58,0,"1,000",,n/a,n/a,12,0.41,1.00,8,188,1 month
cadeira em tela,cadeira em tela​,I,53,0,"1,000",,n/a,n/a,7,0.88,1.00,7,188,1 month
cadeira ergonômica nr17,cadeira ergonômica nr17​,C,48,0,"1,000",,n/a,n/a,13,1.30,1.00,8,196,1 month
cadeira escritorio couro,cadeira escritorio couro​,I,49,0,"1,000",,n/a,n/a,14,1.45,1.00,7,203,1 month
cadeira escritorio diretor,cadeira escritorio diretor​,IC,56,0,"1,000",,n/a,n/a,8,1.97,1.00,7,192,1 month
cadeira escritorio marrom,cadeira escritorio marrom​,I,55,0,"1,000",,n/a,n/a,18,1.24,1.00,7,187,1 month
cadeira escrivaninha quarto,cadeira escrivaninha quarto​,C,56,0,"1,000",,n/a,n/a,28,0.41,1.00,6,236,1 month
cadeira estofada sala de jantar,cadeira estofada sala de jantar​,I,53,0,"1,000",,n/a,n/a,11,0.57,1.00,8,189,1 month
cadeira estudar,cadeira estudar​,C,61,0,"1,000",,n/a,n/a,27,0.47,1.00,8,190,1 month
cadeira gamer 150kg,cadeira gamer 150kg​,C,51,0,"1,000",,n/a,n/a,25,0.47,1.00,7,184,1 month
cadeira gamer ergonômica,cadeira gamer ergonômica​,I,54,0,"1,000",,n/a,n/a,24,0.67,1.00,8,189,1 month
cadeira giratoria secretaria,cadeira giratoria secretaria​,C,51,0,"1,000",,n/a,n/a,5,1.40,1.00,5,188,1 month
cadeira jantar madeira,cadeira jantar madeira​,I,59,0,"1,000",,n/a,n/a,11,0.78,1.00,6,191,1 month
cadeira leda,cadeira leda​,IC,53,0,"1,000",,n/a,n/a,16,0.57,1.00,7,187,1 month
cadeira madeira jantar,cadeira madeira jantar​,I,57,0,"1,000",,n/a,n/a,10,0.78,1.00,7,189,1 month
cadeira mesa de cozinha,cadeira mesa de cozinha​,IC,54,0,"1,000",,n/a,n/a,21,0.31,1.00,7,200,1 month
cadeira para escritorio diretor,cadeira para escritorio diretor​,IC,59,0,"1,000",,n/a,n/a,6,1.97,1.00,5,194,1 month
cadeira para escritorio rosa,cadeira para escritorio rosa​,I,54,0,"1,000",,n/a,n/a,21,0.83,1.00,9,225,1 month
cadeira para escritorio sem braço,cadeira para escritorio sem braço​,I,52,0,"1,000",,n/a,n/a,11,1.19,1.00,8,208,1 month
cadeira para escritorio sem rodinha,cadeira para escritorio sem rodinha​,C,52,0,"1,000",,n/a,n/a,15,0.88,1.00,7,204,1 month
cadeira para escritório presidente,cadeira para escritório presidente​,C,59,0,"1,000",,n/a,n/a,31,1.19,1.00,6,187,1 month
cadeira para escrivaninha quarto,cadeira para escrivaninha quarto​,C,58,0,"1,000",,n/a,n/a,30,0.41,1.00,7,180,1 month
cadeira para home office,cadeira para home office​,C,54,0,"1,000",,n/a,n/a,22,0.93,1.00,8,165,1 month
cadeira para mesa de madeira,cadeira para mesa de madeira​,IC,52,0,"1,000",,n/a,n/a,14,0.41,1.00,8,193,1 month
cadeira para quarto escrivaninha,cadeira para quarto escrivaninha​,I,57,0,"1,000",,n/a,n/a,25,0.41,1.00,5,208,1 month
cadeira presidencial,cadeira presidencial​,C,61,0,"1,000",,n/a,n/a,8,1.14,1.00,10,191,1 month
cadeira retro,cadeira retro​,I,54,0,"1,000",,n/a,n/a,28,0.52,1.00,7,193,1 month
cadeira sala jantar,cadeira sala jantar​,I,59,0,"1,000",,n/a,n/a,10,0.78,1.00,8,194,1 month
cadeira sem braço,cadeira sem braço​,IC,48,0,"1,000",,n/a,n/a,7,0.83,1.00,9,182,1 month
cadeira simples,cadeira simples​,I,62,0,"1,000",,n/a,n/a,18,0.52,1.00,7,196,1 month
cadeira tela,cadeira tela​,I,53,0,"1,000",,n/a,n/a,11,0.88,1.00,8,205,1 month
cadeira web,cadeira web​,I,59,0,"1,000",,n/a,n/a,21,6.43,1.00,7,210,1 month
cadeiras acrilica,cadeiras acrilica​,IC,53,0,"1,000",,n/a,n/a,26,0.62,1.00,7,169,1 month
cadeiras alegra,cadeiras alegra​,I,54,0,"1,000",,n/a,n/a,21,0.57,1.00,8,187,1 month
cadeiras de jardim,cadeiras de jardim​,I,49,0,"1,000",,n/a,n/a,21,0.52,1.00,6,172,1 month
cadeiras de madeira estofada,cadeiras de madeira estofada​,C,50,0,"1,000",,n/a,n/a,11,0.47,1.00,7,187,1 month
cadeiras de madeira para cozinha,cadeiras de madeira para cozinha​,C,54,0,"1,000",,n/a,n/a,19,0.36,1.00,6,195,1 month
cadeiras de sala de jantar,cadeiras de sala de jantar​,I,54,0,"1,000",,n/a,n/a,12,0.47,1.00,7,9M,1 month
cadeiras em promoção,cadeiras em promoção​,C,61,0,"1,000",,n/a,n/a,16,0.52,1.00,5,177,1 month
cadeiras ergonomica,cadeiras ergonomica​,C,62,0,"1,000",,n/a,n/a,30,1.24,1.00,8,187,1 month
cadeiras ergonômicas,cadeiras ergonômicas​,IC,59,0,"1,000",,n/a,n/a,35,0.98,1.00,9,186,1 month
cadeiras giratórias,cadeiras giratórias​,I,52,0,"1,000",,n/a,n/a,21,0.98,1.00,7,195,1 month
cadeiras inc,cadeiras inc​,N,50,0,"1,000",,n/a,n/a,37,1.40,1.00,6,183,1 month
cadeiras madeira maciça,cadeiras madeira maciça​,IC,55,0,"1,000",,n/a,n/a,8,0.67,1.00,8,190,1 month
cadeiras para computador,cadeiras para computador​,IC,59,0,"1,000",,n/a,n/a,21,0.57,1.00,6,196,1 month
cadeiras para cozinha modernas,cadeiras para cozinha modernas​,C,52,0,"1,000",,n/a,n/a,21,0.47,1.00,8,210,1 month
cadeiras para escritorio ergonomicas,cadeiras para escritorio ergonomicas​,C,59,0,"1,000",,n/a,n/a,24,1.55,1.00,7,189,1 month
cadeiras para mesa de madeira,cadeiras para mesa de madeira​,C,52,0,"1,000",,n/a,n/a,9,0.41,1.00,7,186,1 month
cadeiras para sala jantar,cadeiras para sala jantar​,IC,55,0,"1,000",,n/a,n/a,12,0.78,1.00,8,196,1 month
cadeiras pretas,cadeiras pretas​,IT,51,0,"1,000",,n/a,n/a,21,0.62,1.00,6,194,1 month
cadeiras rosa,cadeiras rosa​,N,54,0,"1,000",,n/a,n/a,38,12.08,1.00,7,230,1 month
gaming armchair,gaming armchair​,IT,31,0,"1,000",,n/a,n/a,54,0.78,0.05,5,184,1 month
gaming chair,gaming chair​,C,40,0,"1,000",,n/a,n/a,33,1.30,1.00,9,198,1 month
gaming gamer chair,gaming gamer chair​,C,38,0,"1,000",,n/a,n/a,65,0.78,0.05,6,182,1 month
jogo cadeira de madeira,jogo cadeira de madeira​,C,53,0,"1,000",,n/a,n/a,7,0.41,1.00,4,188,1 month
loja das cadeiras,loja das cadeiras​,NC,51,0,"1,000",,n/a,n/a,31,0.52,0.97,9,166,1 month
melhor cadeira para gamers,melhor cadeira para gamers​,C,49,0,"1,000",,n/a,n/a,23,0.57,1.00,8,168,1 month
melhores cadeiras de escritorio,melhores cadeiras de escritorio​,C,51,0,"1,000",,n/a,n/a,21,1.66,1.00,9,180,1 month
melhores cadeiras gamer,melhores cadeiras gamer​,C,45,0,"1,000",,n/a,n/a,24,0.57,1.00,8,176,1 month
mesa canto,mesa canto​,I,44,0,"1,000",,n/a,n/a,23,0.73,1.00,8,189,1 month
mesa de apoio para sala,mesa de apoio para sala​,I,45,0,"1,000",,n/a,n/a,19,0.52,1.00,7,198,1 month
mesa de canto sala,mesa de canto sala​,IC,51,0,"1,000",,n/a,n/a,21,0.52,1.00,7,197,1 month
mesa lateral para quarto,mesa lateral para quarto​,I,47,0,"1,000",,n/a,n/a,21,0.57,1.00,6,196,1 month
mesa sala pequena,mesa sala pequena​,IC,47,0,"1,000",,n/a,n/a,24,0.41,1.00,8,204,1 month
mesas de centro para salas,mesas de centro para salas​,IC,46,0,"1,000",,n/a,n/a,18,0.46,1.00,7,157,1 month
mesinha lateral sofa,mesinha lateral sofa​,C,49,0,"1,000",,n/a,n/a,20,0.72,1.00,8,195,1 month
mesinhas de canto,mesinhas de canto​,IC,48,0,"1,000",,n/a,n/a,29,0.46,1.00,8,193,1 month
modelos de cadeiras,modelos de cadeiras​,I,60,0,"1,000",,n/a,n/a,20,0.52,1.00,8,184,1 month
poltrona para recepcao,poltrona para recepcao​,I,45,0,"1,000",,n/a,n/a,17,0.93,1.00,5,186,1 month
poltrona pequena para sala,poltrona pequena para sala​,C,50,0,"1,000",,n/a,n/a,26,0.41,1.00,8,198,1 month
poltrona pequena sala,poltrona pequena sala​,C,49,0,"1,000",,n/a,n/a,23,0.36,1.00,8,192,1 month
poltronas casas bahia,poltronas casas bahia​,N,48,0,"1,000",,n/a,n/a,30,0.26,1.00,4,161,1 month
poltronas decorativa,poltronas decorativa​,C,43,0,"1,000",,n/a,n/a,13,0.52,1.00,7,196,1 month
poltronas para quartos,poltronas para quartos​,IC,46,0,"1,000",,n/a,n/a,21,0.41,1.00,6,196,1 month
poltronas para sala de espera,poltronas para sala de espera​,I,39,0,"1,000",,n/a,n/a,20,0.82,1.00,9,199,1 month
poltronas quarto,poltronas quarto​,IC,54,0,"1,000",,n/a,n/a,23,0.41,1.00,7,198,1 month
promoção cadeira,promoção cadeira​,C,63,0,"1,000",,n/a,n/a,17,0.52,1.00,5,186,1 month
video game gaming chair,video game gaming chair​,C,34,0,"1,000",,n/a,n/a,58,0.77,0.05,6,189,1 month
webcadeiras,webcadeiras​,N,41,0,"1,000",,n/a,n/a,43,6.34,1.00,7,159,1 month
cabideiro de chão moderno,cabideiro de chão moderno​,I,53,0,880,,n/a,n/a,25,0.36,1.00,7,188,1 month
cadeira acrilica,cadeira acrilica​,C,53,0,880,,n/a,n/a,20,0.62,1.00,9,181,1 month
cadeira acrilica transparente,cadeira acrilica transparente​,I,48,0,880,,n/a,n/a,19,0.52,1.00,7,200,1 month
cadeira antiga,cadeira antiga​,I,46,0,880,,n/a,n/a,30,0.21,0.91,8,189,1 month
cadeira bege,cadeira bege​,I,64,0,880,,n/a,n/a,20,0.77,1.00,8,186,1 month
cadeira com estofado,cadeira com estofado​,I,58,0,880,,n/a,n/a,28,0.57,1.00,8,201,1 month
cadeira com tela,cadeira com tela​,I,55,0,880,,n/a,n/a,8,0.67,1.00,8,196,1 month
cadeira concha,cadeira concha​,I,56,0,880,,n/a,n/a,15,0.62,1.00,9,186,1 month
cadeira cozinha moderna,cadeira cozinha moderna​,C,55,0,880,,n/a,n/a,24,0.46,1.00,7,185,1 month
cadeira de balcão,cadeira de balcão​,C,55,0,880,,n/a,n/a,26,0.36,1.00,6,217,1 month
cadeira de compu,cadeira de compu​,C,61,0,880,,n/a,n/a,26,0.00,0.00,7,196,1 month
cadeira de descanso varanda,cadeira de descanso varanda​,IC,51,0,880,,n/a,n/a,23,0.36,1.00,9,234,1 month
cadeira de escritorio bege,cadeira de escritorio bege​,IT,57,0,880,,n/a,n/a,15,1.13,1.00,7,210,1 month
cadeira de escritorio couro,cadeira de escritorio couro​,I,50,0,880,,n/a,n/a,17,1.19,1.00,6,193,1 month
cadeira de escritorio sem rodinha,cadeira de escritorio sem rodinha​,C,52,0,880,,n/a,n/a,15,0.88,1.00,5,197,1 month
cadeira de escritório branca,cadeira de escritório branca​,IC,58,0,880,,n/a,n/a,20,0.82,1.00,7,190,1 month
cadeira de escritório usada,cadeira de escritório usada​,C,52,0,880,,n/a,n/a,26,0.36,1.00,7,165,1 month
cadeira de madeira rústica,cadeira de madeira rústica​,IT,49,0,880,,n/a,n/a,7,0.46,1.00,8,196,1 month
cadeira diretor cinema,cadeira diretor cinema​,C,51,0,880,,n/a,n/a,18,0.57,1.00,6,175,1 month
cadeira eiffel preta,cadeira eiffel preta​,I,51,0,880,,n/a,n/a,11,0.52,1.00,9,208,1 month
cadeira em acrilico,cadeira em acrilico​,I,52,0,880,,n/a,n/a,19,0.62,1.00,8,169,1 month
cadeira ergonimica,cadeira ergonimica​,C,64,0,880,,n/a,n/a,23,0.98,1.00,7,194,1 month
cadeira ergonomia,cadeira ergonomia​,I,59,0,880,,n/a,n/a,31,0.98,1.00,8,185,1 month
cadeira escritorio cinza,cadeira escritorio cinza​,I,63,0,880,,n/a,n/a,12,1.49,1.00,5,194,1 month
cadeira escritorio madeira,cadeira escritorio madeira​,C,60,0,880,,n/a,n/a,17,1.44,1.00,5,186,1 month
cadeira escritorio sem rodinha,cadeira escritorio sem rodinha​,IC,54,0,880,,n/a,n/a,17,0.88,1.00,5,198,1 month
cadeira escritório ergonomica,cadeira escritório ergonomica​,I,61,0,880,,n/a,n/a,29,1.55,1.00,7,198,1 month
cadeira escritório rosa,cadeira escritório rosa​,IC,53,0,880,,n/a,n/a,21,0.82,1.00,9,204,1 month
cadeira estofada para mesa de jantar,cadeira estofada para mesa de jantar​,I,54,0,880,,n/a,n/a,10,0.46,1.00,8,196,1 month
cadeira estofadas para mesa de jantar,cadeira estofadas para mesa de jantar​,IC,56,0,880,,n/a,n/a,10,0.46,1.00,7,196,1 month
cadeira estudos confortavel,cadeira estudos confortavel​,IC,57,0,880,,n/a,n/a,23,0.41,1.00,11,213,1 month
cadeira fixa de escritorio,cadeira fixa de escritorio​,C,56,0,880,,n/a,n/a,6,1.39,1.00,7,193,1 month
cadeira gamer feminina,cadeira gamer feminina​,I,55,0,880,,n/a,n/a,26,0.41,1.00,7,186,1 month
cadeira gamer usada,cadeira gamer usada​,IT,52,0,880,,n/a,n/a,27,0.10,1.00,6,164,1 month
cadeira jantar moderna,cadeira jantar moderna​,I,57,0,880,,n/a,n/a,8,0.67,1.00,7,186,1 month
cadeira marrom,cadeira marrom​,I,62,0,880,,n/a,n/a,21,0.98,1.00,8,205,1 month
cadeira para diretor,cadeira para diretor​,I,54,0,880,,n/a,n/a,5,1.49,1.00,5,200,1 month
cadeira para esc,cadeira para esc​,C,58,0,880,,n/a,n/a,19,1.34,1.00,5,193,1 month
cadeira para escritorio bege,cadeira para escritorio bege​,I,58,0,880,,n/a,n/a,16,1.34,1.00,6,212,1 month
cadeira para escritorio marrom,cadeira para escritorio marrom​,C,53,0,880,,n/a,n/a,21,1.24,1.00,7,209,1 month
cadeira para escritório confortável,cadeira para escritório confortável​,C,64,0,880,,n/a,n/a,25,0.88,1.00,7,193,1 month
cadeira para escritório ergonômica,cadeira para escritório ergonômica​,I,61,0,880,,n/a,n/a,18,1.55,1.00,6,183,1 month
cadeira para o quarto,cadeira para o quarto​,C,59,0,880,,n/a,n/a,25,0.41,1.00,7,193,1 month
cadeira saarinen,cadeira saarinen​,I,52,0,880,,n/a,n/a,11,0.77,1.00,8,170,1 month
cadeira transparente acrilico,cadeira transparente acrilico​,IC,49,0,880,,n/a,n/a,21,0.52,1.00,8,199,1 month
cadeira varanda confortável,cadeira varanda confortável​,I,52,0,880,,n/a,n/a,21,0.36,1.00,8,193,1 month
cadeira vintage,cadeira vintage​,IC,54,0,880,,n/a,n/a,17,0.46,1.00,7,193,1 month
cadeiras acapulco,cadeiras acapulco​,I,53,0,880,,n/a,n/a,25,0.52,1.00,5,10,1 month
cadeiras de escritorio em promocao,cadeiras de escritorio em promocao​,C,55,0,880,,n/a,n/a,25,0.93,1.00,5,35.2M,1 month
cadeiras de escritório baratas,cadeiras de escritório baratas​,C,55,0,880,,n/a,n/a,21,0.98,1.00,7,205,1 month
cadeiras e poltronas para sala,cadeiras e poltronas para sala​,C,57,0,880,,n/a,n/a,25,0.46,1.00,6,194,1 month
cadeiras ergonomicas de escritorio,cadeiras ergonomicas de escritorio​,C,57,0,880,,n/a,n/a,14,1.44,1.00,6,190,1 month
cadeiras estofada para mesa de jantar,cadeiras estofada para mesa de jantar​,I,54,0,880,,n/a,n/a,15,0.46,1.00,4,193,1 month
cadeiras estofadas para sala de jantar,cadeiras estofadas para sala de jantar​,IC,53,0,880,,n/a,n/a,17,0.57,1.00,8,192,1 month
cadeiras gamers,cadeiras gamers​,C,57,0,880,,n/a,n/a,36,0.93,1.00,7,168,1 month
cadeiras modernas,cadeiras modernas​,IC,57,0,880,,n/a,n/a,7,0.77,1.00,7,193,1 month
cadeiras para balcões de cozinha,cadeiras para balcões de cozinha​,C,53,0,880,,n/a,n/a,27,0.31,1.00,5,218,1 month
cadeiras para escritorio confortavel,cadeiras para escritorio confortavel​,I,60,0,880,,n/a,n/a,26,0.88,1.00,8,194,1 month
cadeiras para jantar estofadas,cadeiras para jantar estofadas​,C,50,0,880,,n/a,n/a,13,0.72,1.00,4,199,1 month
cadeiras para quarto,cadeiras para quarto​,C,54,0,880,,n/a,n/a,29,0.41,1.00,7,174,1 month
cadeiras para varanda baratas,cadeiras para varanda baratas​,C,49,0,880,,n/a,n/a,25,0.31,1.00,7,533K,1 month
cadeiras promoção,cadeiras promoção​,IC,64,0,880,,n/a,n/a,15,0.52,1.00,6,182,1 month
cadeiras recepção,cadeiras recepção​,I,52,0,880,,n/a,n/a,12,1.03,1.00,8,184,1 month
cadeirão de jardim,cadeirão de jardim​,I,56,0,880,,n/a,n/a,20,0.52,1.00,6,177,1 month
encosto cadeira,encosto cadeira​,I,54,0,880,,n/a,n/a,13,0.21,1.00,7,203,1 month
escrivaninha com cadeira,escrivaninha com cadeira​,I,52,0,880,,n/a,n/a,23,0.36,1.00,6,221,1 month
estofado cadeira,estofado cadeira​,C,56,0,880,,n/a,n/a,13,0.77,1.00,8,193,1 month
jogo de cadeira cozinha,jogo de cadeira cozinha​,C,51,0,880,,n/a,n/a,17,0.26,1.00,6,190,1 month
jogo de cadeiras para cozinha,jogo de cadeiras para cozinha​,I,48,0,880,,n/a,n/a,18,0.26,1.00,7,186,1 month
jogos de cadeira para cozinha,jogos de cadeira para cozinha​,C,50,0,880,,n/a,n/a,16,0.26,1.00,7,221,1 month
kit cadeira,kit cadeira​,I,57,0,880,,n/a,n/a,21,0.52,1.00,5,207,1 month
loja de cadeira,loja de cadeira​,C,62,0,880,,n/a,n/a,46,1.65,1.00,6,195,1 month
melhor cadeira de escritorio,melhor cadeira de escritorio​,C,49,0,880,,n/a,n/a,22,1.19,1.00,8,133,1 month
melhor cadeira ergonomica,melhor cadeira ergonomica​,C,46,0,880,,n/a,n/a,22,1.13,1.00,10,168,1 month
melhor cadeira ergonômica,melhor cadeira ergonômica​,C,48,0,880,,n/a,n/a,23,1.13,1.00,8,165,1 month
mesa de canto da sala,mesa de canto da sala​,I,44,0,880,,n/a,n/a,16,0.31,1.00,7,193,1 month
mesa de centro pequena,mesa de centro pequena​,I,45,0,880,,n/a,n/a,20,0.52,1.00,7,191,1 month
mesa de sala de estar,mesa de sala de estar​,IC,43,0,880,,n/a,n/a,25,0.46,1.00,6,181,1 month
mesa e cadeira para escritorio,mesa e cadeira para escritorio​,C,57,0,880,,n/a,n/a,20,0.88,1.00,8,179,1 month
mesa sala de estar,mesa sala de estar​,C,43,0,880,,n/a,n/a,23,0.46,1.00,8,196,1 month
poltrona com rodinhas,poltrona com rodinhas​,I,49,0,880,,n/a,n/a,20,0.62,1.00,6,187,1 month
poltrona consultorio,poltrona consultorio​,I,50,0,880,,n/a,n/a,24,0.93,1.00,8,189,1 month
poltrona consultório,poltrona consultório​,C,47,0,880,,n/a,n/a,21,0.88,1.00,8,194,1 month
poltrona de quarto,poltrona de quarto​,I,50,0,880,,n/a,n/a,23,0.41,1.00,8,202,1 month
poltrona luxo,poltrona luxo​,I,43,0,880,,n/a,n/a,18,1.24,1.00,7,196,1 month
poltronas e cadeiras para sala,poltronas e cadeiras para sala​,C,54,0,880,,n/a,n/a,26,0.46,1.00,7,199,1 month
poltronas modernas e confortáveis,poltronas modernas e confortáveis​,IT,47,0,880,,n/a,n/a,16,0.67,1.00,8,188,1 month
poltronas para quartos pequenos,poltronas para quartos pequenos​,I,42,0,880,,n/a,n/a,23,0.31,1.00,6,191,1 month
promoção cadeiras,promoção cadeiras​,IT,61,0,880,,n/a,n/a,13,0.52,1.00,7,185,1 month
braço de cadeira de escritorio,braço de cadeira de escritorio​,I,49,0,720,,n/a,n/a,12,0.31,1.00,8,202,1 month
cabide de chao,cabide de chao​,C,47,0,720,,n/a,n/a,23,0.41,1.00,8,219,1 month
cabideiro de chao em madeira,cabideiro de chao em madeira​,C,51,0,720,,n/a,n/a,16,0.41,1.00,6,201,1 month
cabideiro de madeira parede,cabideiro de madeira parede​,I,49,0,720,,n/a,n/a,25,0.57,1.00,8,230,1 month
cabideiro em madeira,cabideiro em madeira​,IC,53,0,720,,n/a,n/a,27,0.57,1.00,8,194,1 month
cadeira allegra bege,cadeira allegra bege​,I,51,0,720,,n/a,n/a,22,0.52,1.00,8,197,1 month
cadeira almofadadas,cadeira almofadadas​,IC,50,0,720,,n/a,n/a,25,0.57,1.00,5,195,1 month
cadeira com rodas escritorio,cadeira com rodas escritorio​,I,59,0,720,,n/a,n/a,20,1.24,1.00,6,10,1 month
cadeira com rodas para escritorio,cadeira com rodas para escritorio​,I,59,0,720,,n/a,n/a,21,1.24,1.00,5,194,1 month
cadeira confortavel escritorio,cadeira confortavel escritorio​,C,61,0,720,,n/a,n/a,27,1.03,1.00,8,194,1 month
cadeira dazz,cadeira dazz​,IT,50,0,720,,n/a,n/a,23,0.31,1.00,9,188,1 month
cadeira de couro para escritório,cadeira de couro para escritório​,IC,48,0,720,,n/a,n/a,17,1.19,1.00,5,197,1 month
cadeira de diretor,cadeira de diretor​,I,61,0,720,,n/a,n/a,8,1.24,1.00,8,192,1 month
cadeira de diretor de cinema,cadeira de diretor de cinema​,IC,47,0,720,,n/a,n/a,17,0.41,1.00,8,185,1 month
cadeira de escritorio barata,cadeira de escritorio barata​,IC,60,0,720,,n/a,n/a,27,0.62,1.00,7,191,1 month
cadeira de escritorio gamer,cadeira de escritorio gamer​,C,53,0,720,,n/a,n/a,33,0.67,1.00,7,192,1 month
cadeira de escritorio marrom,cadeira de escritorio marrom​,IC,55,0,720,,n/a,n/a,17,1.24,1.00,7,171,1 month
cadeira de escritorio promoção,cadeira de escritorio promoção​,C,56,0,720,,n/a,n/a,20,0.93,1.00,3,199,1 month
cadeira de estudo para quarto,cadeira de estudo para quarto​,IC,55,0,720,,n/a,n/a,26,0.41,1.00,7,215,1 month
cadeira de presidente,cadeira de presidente​,I,57,0,720,,n/a,n/a,5,0.88,1.00,7,192,1 month
cadeira de quarto,cadeira de quarto​,C,59,0,720,,n/a,n/a,27,0.36,1.00,7,187,1 month
cadeira de tela,cadeira de tela​,IC,54,0,720,,n/a,n/a,7,0.67,1.00,4,155,1 month
cadeira de trabalho,cadeira de trabalho​,C,63,0,720,,n/a,n/a,29,1.49,1.00,6,160,1 month
cadeira diretor de cinema,cadeira diretor de cinema​,IC,49,0,720,,n/a,n/a,26,0.41,1.00,6,161,1 month
cadeira em mesh,cadeira em mesh​,C,52,0,720,,n/a,n/a,16,1.13,1.00,9,201,1 month
cadeira ergonomica nr17,cadeira ergonomica nr17​,C,47,0,720,,n/a,n/a,8,1.29,1.00,7,194,1 month
cadeira escritorio sem braco,cadeira escritorio sem braco​,IC,57,0,720,,n/a,n/a,9,1.19,1.00,6,195,1 month
cadeira escritório branca,cadeira escritório branca​,IC,61,0,720,,n/a,n/a,23,0.98,1.00,7,197,1 month
cadeira escritório fixa,cadeira escritório fixa​,I,54,0,720,,n/a,n/a,11,1.39,1.00,8,194,1 month
cadeira escritório giratória,cadeira escritório giratória​,I,59,0,720,,n/a,n/a,19,1.34,1.00,5,190,1 month
cadeira estofada de jantar,cadeira estofada de jantar​,IC,55,0,720,,n/a,n/a,12,0.57,1.00,6,190,1 month
cadeira estofada jantar,cadeira estofada jantar​,I,55,0,720,,n/a,n/a,13,0.72,1.00,6,198,1 month
cadeira estudo confortável,cadeira estudo confortável​,I,57,0,720,,n/a,n/a,21,0.41,1.00,9,202,1 month
cadeira fixa escritório,cadeira fixa escritório​,IC,52,0,720,,n/a,n/a,7,1.39,1.00,5,195,1 month
cadeira gamer confortavel,cadeira gamer confortavel​,C,55,0,720,,n/a,n/a,27,0.62,1.00,8,190,1 month
cadeira games,cadeira games​,C,58,0,720,,n/a,n/a,34,0.93,1.00,6,193,1 month
cadeira gammer,cadeira gammer​,C,61,0,720,,n/a,n/a,42,0.93,1.00,7,121,1 month
cadeira giratoria com braço,cadeira giratoria com braço​,I,56,0,720,,n/a,n/a,13,1.34,1.00,6,10,1 month
cadeira giratoria sem braço,cadeira giratoria sem braço​,IC,43,0,720,,n/a,n/a,12,1.08,1.00,5,192,1 month
cadeira jantar estofada,cadeira jantar estofada​,IC,56,0,720,,n/a,n/a,13,0.72,1.00,6,199,1 month
cadeira madeira escritorio,cadeira madeira escritorio​,IC,63,0,720,,n/a,n/a,17,1.44,1.00,5,192,1 month
cadeira madeira estofada,cadeira madeira estofada​,IC,54,0,720,,n/a,n/a,8,0.77,1.00,5,193,1 month
cadeira mesa cozinha,cadeira mesa cozinha​,C,51,0,720,,n/a,n/a,18,0.41,1.00,6,190,1 month
cadeira no olx,cadeira no olx​,TN,46,0,720,,n/a,n/a,34,0.31,1.00,3,166,1 month
cadeira para balcao,cadeira para balcao​,C,55,0,720,,n/a,n/a,26,0.31,1.00,4,183,1 month
cadeira para balcão de cozinha,cadeira para balcão de cozinha​,C,48,0,720,,n/a,n/a,27,0.31,1.00,8,217,1 month
cadeira para escritorio cinza,cadeira para escritorio cinza​,C,61,0,720,,n/a,n/a,18,1.49,1.00,6,193,1 month
cadeira para escritorio com rodinhas,cadeira para escritorio com rodinhas​,I,58,0,720,,n/a,n/a,22,1.24,1.00,7,217,1 month
cadeira para escritório de couro,cadeira para escritório de couro​,C,50,0,720,,n/a,n/a,11,1.19,1.00,6,212,1 month
cadeira para escritório rosa,cadeira para escritório rosa​,I,51,0,720,,n/a,n/a,17,0.82,1.00,8,220,1 month
cadeira para estudo confortável,cadeira para estudo confortável​,I,54,0,720,,n/a,n/a,22,0.41,1.00,8,201,1 month
cadeira para jantar,cadeira para jantar​,I,54,0,720,,n/a,n/a,13,0.67,1.00,8,190,1 month
cadeira para mesa cozinha,cadeira para mesa cozinha​,IC,54,0,720,,n/a,n/a,21,0.41,1.00,8,195,1 month
cadeira para quarto feminino,cadeira para quarto feminino​,C,54,0,720,,n/a,n/a,27,0.41,1.00,8,164,1 month
cadeira para sala de reunião,cadeira para sala de reunião​,C,50,0,720,,n/a,n/a,6,2.58,1.00,8,187,1 month
cadeira pc gamer,cadeira pc gamer​,IC,57,0,720,,n/a,n/a,35,0.46,1.00,8,129,1 month
cadeira poltrona para sala,cadeira poltrona para sala​,C,60,0,720,,n/a,n/a,27,0.46,1.00,6,202,1 month
cadeira presidente branca,cadeira presidente branca​,I,55,0,720,,n/a,n/a,20,1.08,1.00,7,209,1 month
cadeira rodinha,cadeira rodinha​,IC,59,0,720,,n/a,n/a,26,0.72,1.00,6,214,1 month
cadeira terracota,cadeira terracota​,IC,57,0,720,,n/a,n/a,16,1.19,1.00,9,214,1 month
cadeira tulipa,cadeira tulipa​,IC,51,0,720,,n/a,n/a,9,0.88,1.00,5,122,1 month
cadeiras baratas,cadeiras baratas​,C,64,0,720,,n/a,n/a,25,0.41,1.00,6,167,1 month
cadeiras de madeira cozinha,cadeiras de madeira cozinha​,IC,53,0,720,,n/a,n/a,13,0.36,1.00,5,194,1 month
cadeiras de madeira para mesa de jantar,cadeiras de madeira para mesa de jantar​,I,50,0,720,,n/a,n/a,8,0.41,1.00,7,199,1 month
cadeiras de sala,cadeiras de sala​,IC,57,0,720,,n/a,n/a,17,0.46,1.00,7,200,1 month
cadeiras estofadas para sala de jantar modernas,cadeiras estofadas para sala de jantar modernas​,I,53,0,720,,n/a,n/a,18,0.46,1.00,9,194,1 month
cadeiras gamer branca,cadeiras gamer branca​,C,52,0,720,,n/a,n/a,21,0.52,1.00,4,181,1 month
cadeiras gamer dazz,cadeiras gamer dazz​,IT,42,0,720,,n/a,n/a,22,0.31,1.00,9,191,1 month
cadeiras mesa jantar,cadeiras mesa jantar​,IC,57,0,720,,n/a,n/a,10,0.77,1.00,8,195,1 month
cadeiras na promoção,cadeiras na promoção​,C,56,0,720,,n/a,n/a,13,0.52,1.00,6,207,1 month
cadeiras no olx,cadeiras no olx​,TN,39,0,720,,n/a,n/a,32,0.31,1.00,3,172,1 month
cadeiras para area,cadeiras para area​,C,52,0,720,,n/a,n/a,23,0.31,1.00,8,206,1 month
cadeiras para escritório presidente,cadeiras para escritório presidente​,n/a,56,0,720,,n/a,n/a,n/a,1.29,1.00,n/a,n/a,Refresh
cadeiras para estudar confortável,cadeiras para estudar confortável​,IC,59,0,720,,n/a,n/a,22,0.41,1.00,8,179,1 month
cadeiras para estudo confortável,cadeiras para estudo confortável​,I,57,0,720,,n/a,n/a,28,0.41,1.00,10,200,1 month
cadeiras para mesa da cozinha,cadeiras para mesa da cozinha​,IC,48,0,720,,n/a,n/a,21,0.41,1.00,7,209,1 month
cadeiras para varandas pequenas,cadeiras para varandas pequenas​,C,51,0,720,,n/a,n/a,20,0.41,1.00,8,175,1 month
cadeiras poltrona para sala,cadeiras poltrona para sala​,C,52,0,720,,n/a,n/a,25,0.46,1.00,6,196,1 month
cadeiras recepcao,cadeiras recepcao​,C,51,0,720,,n/a,n/a,5,1.03,1.00,8,194,1 month
cadeiras área externa,cadeiras área externa​,IC,51,0,720,,n/a,n/a,20,0.57,1.00,7,187,1 month
centro para sala,centro para sala​,I,44,0,720,,n/a,n/a,15,0.26,1.00,7,197,1 month
encosto da cadeira,encosto da cadeira​,I,50,0,720,,n/a,n/a,20,0.21,1.00,9,192,1 month
encosto para cadeira,encosto para cadeira​,I,53,0,720,,n/a,n/a,21,0.21,1.00,6,209,1 month
encosto para cadeiras de escritório,encosto para cadeiras de escritório​,IC,44,0,720,,n/a,n/a,16,0.26,1.00,4,194,1 month
foto de cadeira,foto de cadeira​,C,62,0,720,,n/a,n/a,29,0.46,0.91,5,183,1 month
jogo de cadeiras cozinha,jogo de cadeiras cozinha​,I,47,0,720,,n/a,n/a,18,0.26,1.00,5,213,1 month
jogo de cadeiras em madeira,jogo de cadeiras em madeira​,C,52,0,720,,n/a,n/a,7,0.41,1.00,4,192,1 month
jogo de cadeiras madeira,jogo de cadeiras madeira​,I,52,0,720,,n/a,n/a,12,0.41,1.00,6,210,1 month
kit cadeira de jantar,kit cadeira de jantar​,IC,55,0,720,,n/a,n/a,22,0.46,1.00,8,189,1 month
kit cadeira escritorio,kit cadeira escritorio​,I,55,0,720,,n/a,n/a,15,1.29,1.00,6,199,1 month
melhores cadeiras gamers,melhores cadeiras gamers​,C,50,0,720,,n/a,n/a,25,0.57,1.00,7,178,1 month
mesa sofa,mesa sofa​,C,44,0,720,,n/a,n/a,17,0.88,1.00,7,198,1 month
mesinha de canto alta,mesinha de canto alta​,I,48,0,720,,n/a,n/a,25,0.36,1.00,8,211,1 month
mesinha lateral para sala,mesinha lateral para sala​,IC,50,0,720,,n/a,n/a,22,0.57,1.00,5,121,1 month
mesinhas de canto para sala,mesinhas de canto para sala​,I,47,0,720,,n/a,n/a,18,0.31,1.00,8,196,1 month
mesinhas de centro,mesinhas de centro​,I,47,0,720,,n/a,n/a,20,0.62,1.00,8,196,1 month
mesinhas de centro para sala,mesinhas de centro para sala​,I,50,0,720,,n/a,n/a,18,0.31,1.00,9,193,1 month
mesinhas lateral,mesinhas lateral​,IC,52,0,720,,n/a,n/a,14,0.93,1.00,6,190,1 month
móveis para jardim,móveis para jardim​,IC,43,0,720,,n/a,n/a,28,0.93,1.00,5,8,1 month
olx cadeiras,olx cadeiras​,TN,39,0,720,,n/a,n/a,32,0.31,1.00,2,165,1 month
poltrona confortável para sala de tv,poltrona confortável para sala de tv​,IC,43,0,720,,n/a,n/a,20,0.57,1.00,9,187,1 month
poltrona de descanso,poltrona de descanso​,I,43,0,720,,n/a,n/a,25,0.93,1.00,8,215,1 month
poltrona de escritorio,poltrona de escritorio​,I,48,0,720,,n/a,n/a,14,1.14,1.00,6,193,1 month
poltrona em promocao,poltrona em promocao​,C,48,0,720,,n/a,n/a,31,0.31,1.00,5,195,1 month
poltrona gaming,poltrona gaming​,I,45,0,720,,n/a,n/a,21,0.41,1.00,7,185,1 month
poltrona grande,poltrona grande​,IC,49,0,720,,n/a,n/a,25,0.93,1.00,6,205,1 month
poltrona para o quarto,poltrona para o quarto​,IC,52,0,720,,n/a,n/a,21,0.41,1.00,9,196,1 month
poltrona para quarto pequeno,poltrona para quarto pequeno​,IC,46,0,720,,n/a,n/a,23,0.31,1.00,7,193,1 month
poltrona para sala de tv,poltrona para sala de tv​,I,42,0,720,,n/a,n/a,20,0.47,1.00,8,196,1 month
poltrona presidente,poltrona presidente​,I,48,0,720,,n/a,n/a,15,1.35,1.00,7,197,1 month
poltrona quarto de casal,poltrona quarto de casal​,I,43,0,720,,n/a,n/a,21,0.47,1.00,7,188,1 month
poltrona simples,poltrona simples​,I,55,0,720,,n/a,n/a,23,0.36,1.00,6,192,1 month
poltronas baratas sala,poltronas baratas sala​,C,48,0,720,,n/a,n/a,24,0.26,1.00,4,195,1 month
poltronas confortaveis,poltronas confortaveis​,I,44,0,720,,n/a,n/a,21,0.83,1.00,8,192,1 month
poltronas confortáveis para sala de tv,poltronas confortáveis para sala de tv​,I,43,0,720,,n/a,n/a,20,0.57,1.00,9,195,1 month
poltronas decorativas para sala,poltronas decorativas para sala​,C,42,0,720,,n/a,n/a,18,0.36,1.00,7,196,1 month
poltronas em promoção,poltronas em promoção​,I,51,0,720,,n/a,n/a,29,0.31,1.00,6,199,1 month
poltronas escritorio,poltronas escritorio​,I,49,0,720,,n/a,n/a,22,1.19,1.00,8,199,1 month
poltronas para sala baratas,poltronas para sala baratas​,C,47,0,720,,n/a,n/a,32,0.26,1.00,8,210,1 month
poltronas reclinaveis,poltronas reclinaveis​,I,41,0,720,,n/a,n/a,8,1.14,1.00,6,190,1 month
potrona,potrona​,C,47,0,720,,n/a,n/a,19,0.83,1.00,7,199,1 month
protona,protona​,C,50,0,720,,n/a,n/a,23,0.83,1.00,6,198,1 month
balcao para quarto,balcao para quarto​,IC,37,0,590,,n/a,n/a,25,0.52,1.00,5,187,1 month
balcão quarto,balcão quarto​,IC,42,0,590,,n/a,n/a,26,0.52,1.00,7,200,1 month
banco para quarto,banco para quarto​,I,46,0,590,,n/a,n/a,13,0.62,1.00,6,196,1 month
banco quarto,banco quarto​,I,47,0,590,,n/a,n/a,9,0.62,1.00,5,185,1 month
braço cadeira escritorio,braço cadeira escritorio​,C,48,0,590,,n/a,n/a,8,0.26,1.00,8,191,1 month
braço para cadeira escritorio,braço para cadeira escritorio​,I,48,0,590,,n/a,n/a,22,0.26,1.00,6,144,1 month
cadeira allegra fendi,cadeira allegra fendi​,I,52,0,590,,n/a,n/a,23,0.62,1.00,8,200,1 month
cadeira alta escritorio,cadeira alta escritorio​,IC,62,0,590,,n/a,n/a,21,1.35,1.00,7,191,1 month
cadeira azul escritorio,cadeira azul escritorio​,IC,51,0,590,,n/a,n/a,15,1.61,1.00,5,224,1 month
cadeira branca escritório,cadeira branca escritório​,IC,60,0,590,,n/a,n/a,20,1.09,1.00,6,189,1 month
cadeira cinema diretor,cadeira cinema diretor​,IC,50,0,590,,n/a,n/a,17,0.57,1.00,8,185,1 month
cadeira confortavel para trabalhar,cadeira confortavel para trabalhar​,I,64,0,590,,n/a,n/a,23,1.09,1.00,9,95,1 month
cadeira confortável para escritório,cadeira confortável para escritório​,IC,65,0,590,,n/a,n/a,26,0.98,1.00,8,190,1 month
cadeira de acrílico transparente,cadeira de acrílico transparente​,IC,45,0,590,,n/a,n/a,20,0.36,1.00,8,180,1 month
cadeira de consultorio,cadeira de consultorio​,IT,60,0,590,,n/a,n/a,13,1.09,1.00,6,191,1 month
cadeira de descanso para varanda,cadeira de descanso para varanda​,C,51,0,590,,n/a,n/a,25,0.36,1.00,7,224,1 month
cadeira de escritorio 150kg,cadeira de escritorio 150kg​,C,53,0,590,,n/a,n/a,18,0.88,1.00,5,217,1 month
cadeira de escritorio alta,cadeira de escritorio alta​,I,62,0,590,,n/a,n/a,16,1.14,1.00,8,194,1 month
cadeira de escritorio azul,cadeira de escritorio azul​,I,51,0,590,,n/a,n/a,19,1.19,1.00,4,10,1 month
cadeira de escritorio cinza,cadeira de escritorio cinza​,IC,64,0,590,,n/a,n/a,14,1.24,1.00,7,184,1 month
cadeira de escritorio sem rodas,cadeira de escritorio sem rodas​,IC,52,0,590,,n/a,n/a,15,0.88,1.00,6,187,1 month
cadeira de escritório confortável para coluna,cadeira de escritório confortável para coluna​,C,53,0,590,,n/a,n/a,11,1.14,1.00,9,185,1 month
cadeira de estudos para quarto,cadeira de estudos para quarto​,IC,58,0,590,,n/a,n/a,27,0.41,1.00,7,209,1 month
cadeira de jantar madeira maciça,cadeira de jantar madeira maciça​,I,52,0,590,,n/a,n/a,9,0.67,1.00,7,190,1 month
cadeira de jantar preta,cadeira de jantar preta​,IC,55,0,590,,n/a,n/a,17,0.73,1.00,8,195,1 month
cadeira de madeira antiga,cadeira de madeira antiga​,I,48,0,590,,n/a,n/a,31,0.16,1.00,6,194,1 month
cadeira de madeira moderna,cadeira de madeira moderna​,IC,51,0,590,,n/a,n/a,20,0.57,1.00,7,193,1 month
cadeira de madeira para sala de jantar,cadeira de madeira para sala de jantar​,I,56,0,590,,n/a,n/a,11,0.41,1.00,7,192,1 month
cadeira de madeira simples,cadeira de madeira simples​,I,55,0,590,,n/a,n/a,29,0.41,1.00,9,176,1 month
cadeira de mesa de cozinha,cadeira de mesa de cozinha​,I,53,0,590,,n/a,n/a,20,0.31,1.00,8,199,1 month
cadeira em acrílico transparente,cadeira em acrílico transparente​,IC,48,0,590,,n/a,n/a,16,0.52,1.00,6,185,1 month
cadeira ergonomica mesh,cadeira ergonomica mesh​,C,52,0,590,,n/a,n/a,13,0.93,1.00,6,194,1 month
cadeira escritorio alta,cadeira escritorio alta​,IC,61,0,590,,n/a,n/a,20,1.35,1.00,7,205,1 month
cadeira escritorio azul,cadeira escritorio azul​,IC,54,0,590,,n/a,n/a,13,1.61,1.00,6,220,1 month
cadeira escritorio gamer,cadeira escritorio gamer​,C,53,0,590,,n/a,n/a,36,0.88,1.00,7,195,1 month
cadeira escritorio usada,cadeira escritorio usada​,C,56,0,590,,n/a,n/a,21,0.41,1.00,6,174,1 month
cadeira executiva presidente,cadeira executiva presidente​,C,59,0,590,,n/a,n/a,7,1.30,1.00,8,188,1 month
cadeira gamer 200kg,cadeira gamer 200kg​,C,53,0,590,,n/a,n/a,27,0.31,1.00,7,189,1 month
cadeira gamer com apoio para os pés,cadeira gamer com apoio para os pés​,I,52,0,590,,n/a,n/a,23,0.47,1.00,8,185,1 month
cadeira gamer de tecido,cadeira gamer de tecido​,C,56,0,590,,n/a,n/a,21,0.41,1.00,9,191,1 month
cadeira gamer usado,cadeira gamer usado​,I,50,0,590,,n/a,n/a,25,0.10,1.00,5,169,1 month
cadeira gamet,cadeira gamet​,C,56,0,590,,n/a,n/a,41,0.93,1.00,7,5.5K,1 month
cadeira giratoria branca,cadeira giratoria branca​,I,56,0,590,,n/a,n/a,18,0.88,1.00,6,218,1 month
cadeira giratória de escritório,cadeira giratória de escritório​,I,59,0,590,,n/a,n/a,21,1.14,1.00,7,191,1 month
cadeira giratória presidente,cadeira giratória presidente​,IC,55,0,590,,n/a,n/a,10,1.35,1.00,9,192,1 month
cadeira jantar preta,cadeira jantar preta​,IC,58,0,590,,n/a,n/a,12,0.88,1.00,7,186,1 month
cadeira lisboa,cadeira lisboa​,IC,50,0,590,,n/a,n/a,4,1.30,1.00,6,170,1 month
cadeira madeira macica,cadeira madeira macica​,I,57,0,590,,n/a,n/a,17,0.67,1.00,8,197,1 month
cadeira madeira madeira,cadeira madeira madeira​,TN,58,0,590,,n/a,n/a,30,0.57,1.00,4,164,1 month
cadeira mesa escritorio,cadeira mesa escritorio​,C,62,0,590,,n/a,n/a,27,0.88,1.00,6,194,1 month
cadeira moderna cozinha,cadeira moderna cozinha​,I,52,0,590,,n/a,n/a,21,0.47,1.00,5,187,1 month
cadeira para cliente,cadeira para cliente​,I,50,0,590,,n/a,n/a,23,0.98,1.00,5,8,1 month
cadeira para escritorio confortavel,cadeira para escritorio confortavel​,IC,60,0,590,,n/a,n/a,30,0.88,1.00,7,197,1 month
cadeira para escritorio couro,cadeira para escritorio couro​,C,51,0,590,,n/a,n/a,9,1.45,1.00,4,190,1 month
cadeira para escritório simples,cadeira para escritório simples​,IC,59,0,590,,n/a,n/a,25,0.78,1.00,7,209,1 month
cadeira para loja,cadeira para loja​,C,62,0,590,,n/a,n/a,24,0.83,1.00,8,193,1 month
cadeira para quarto de menina,cadeira para quarto de menina​,IC,51,0,590,,n/a,n/a,26,0.47,0.99,10,195,1 month
cadeira para recepcao,cadeira para recepcao​,IT,52,0,590,,n/a,n/a,19,1.04,1.00,8,224,1 month
cadeira pequena,cadeira pequena​,I,63,0,590,,n/a,n/a,20,0.62,0.99,7,199,1 month
cadeira preta jantar,cadeira preta jantar​,IC,55,0,590,,n/a,n/a,12,0.88,1.00,7,191,1 month
cadeira preta para mesa de jantar,cadeira preta para mesa de jantar​,I,50,0,590,,n/a,n/a,13,0.57,1.00,8,221,1 month
cadeira quarto menina,cadeira quarto menina​,IC,51,0,590,,n/a,n/a,22,0.67,1.00,7,196,1 month
cadeira recepcao,cadeira recepcao​,I,52,0,590,,n/a,n/a,14,1.04,1.00,8,196,1 month
cadeira recepção escritório,cadeira recepção escritório​,IC,53,0,590,,n/a,n/a,15,1.19,1.00,6,178,1 month
cadeira secretaria fixa,cadeira secretaria fixa​,IC,50,0,590,,n/a,n/a,6,1.76,1.00,8,183,1 month
cadeira secretaria giratoria,cadeira secretaria giratoria​,I,53,0,590,,n/a,n/a,6,1.40,1.00,7,189,1 month
cadeira secretária,cadeira secretária​,I,59,0,590,,n/a,n/a,18,0.98,1.00,6,194,1 month
cadeira tela mesh,cadeira tela mesh​,IC,51,0,590,,n/a,n/a,12,1.24,1.00,7,196,1 month
cadeiras antigas,cadeiras antigas​,C,46,0,590,,n/a,n/a,21,0.21,0.97,6,197,1 month
cadeiras antigas de madeira,cadeiras antigas de madeira​,I,47,0,590,,n/a,n/a,26,0.16,1.00,7,205,1 month
cadeiras confortaveis para sala,cadeiras confortaveis para sala​,IC,55,0,590,,n/a,n/a,15,0.47,1.00,8,200,1 month
cadeiras de area,cadeiras de area​,I,50,0,590,,n/a,n/a,19,0.31,1.00,7,194,1 month
cadeiras de bancada para cozinha,cadeiras de bancada para cozinha​,IC,47,0,590,,n/a,n/a,25,0.36,1.00,7,235,1 month
cadeiras de cozinha avulsa,cadeiras de cozinha avulsa​,I,46,0,590,,n/a,n/a,21,0.31,1.00,7,188,1 month
cadeiras de descanso para varanda,cadeiras de descanso para varanda​,IC,51,0,590,,n/a,n/a,25,0.36,1.00,8,221,1 month
cadeiras de escritorio baratas,cadeiras de escritorio baratas​,C,59,0,590,,n/a,n/a,26,0.98,1.00,7,193,1 month
cadeiras de jantar estofada,cadeiras de jantar estofada​,C,51,0,590,,n/a,n/a,16,0.57,1.00,5,191,1 month
cadeiras de madeiras,cadeiras de madeiras​,I,55,0,590,,n/a,n/a,10,0.52,1.00,7,203,1 month
cadeiras de mesa,cadeiras de mesa​,I,59,0,590,,n/a,n/a,14,0.47,1.00,7,193,1 month
cadeiras decorativas,cadeiras decorativas​,IC,55,0,590,,n/a,n/a,20,0.41,1.00,6,198,1 month
cadeiras decorativas para sala,cadeiras decorativas para sala​,C,56,0,590,,n/a,n/a,18,0.36,1.00,8,203,1 month
cadeiras escritorio ergonomicas,cadeiras escritorio ergonomicas​,C,62,0,590,,n/a,n/a,24,1.55,1.00,9,185,1 month
cadeiras escritorio usadas,cadeiras escritorio usadas​,C,45,0,590,,n/a,n/a,15,0.41,1.00,6,172,1 month
cadeiras modernas de madeira,cadeiras modernas de madeira​,I,52,0,590,,n/a,n/a,14,0.57,1.00,7,191,1 month
cadeiras para bancada,cadeiras para bancada​,I,52,0,590,,n/a,n/a,25,0.41,1.00,7,231,1 month
cadeiras para escritorio ergonomica,cadeiras para escritorio ergonomica​,C,57,0,590,,n/a,n/a,24,1.55,1.00,7,192,1 month
cadeiras para escritorios,cadeiras para escritorios​,C,60,0,590,,n/a,n/a,23,1.30,1.00,7,194,1 month
cadeiras para home office,cadeiras para home office​,C,57,0,590,,n/a,n/a,19,0.93,1.00,10,184,1 month
cadeiras para jardim externo,cadeiras para jardim externo​,IC,51,0,590,,n/a,n/a,25,0.52,1.00,7,200,1 month
cadeiras para mesa cozinha,cadeiras para mesa cozinha​,IC,54,0,590,,n/a,n/a,26,0.41,1.00,6,10,1 month
cadeiras para recepcao,cadeiras para recepcao​,IC,49,0,590,,n/a,n/a,4,1.04,1.00,6,177,1 month
cadeiras para sala de jantar promoção,cadeiras para sala de jantar promoção​,I,53,0,590,,n/a,n/a,11,0.41,1.00,7,191,1 month
cadeiras para sala de reuniao,cadeiras para sala de reuniao​,IC,50,0,590,,n/a,n/a,5,2.59,1.00,8,168,1 month
cadeiras para sala de reunião,cadeiras para sala de reunião​,I,46,0,590,,n/a,n/a,12,2.59,1.00,7,177,1 month
cadeiras para varanda de apartamento,cadeiras para varanda de apartamento​,I,51,0,590,,n/a,n/a,22,0.41,1.00,8,190,1 month
cadeiras presidente,cadeiras presidente​,I,56,0,590,,n/a,n/a,22,1.04,1.00,8,194,1 month
cadeiras pretas para mesa de jantar,cadeiras pretas para mesa de jantar​,C,47,0,590,,n/a,n/a,22,0.47,1.00,7,196,1 month
cadeiras reforçadas,cadeiras reforçadas​,IC,49,0,590,,n/a,n/a,14,0.47,1.00,7,232,1 month
cadeiras sala jantar,cadeiras sala jantar​,C,56,0,590,,n/a,n/a,14,0.78,1.00,8,192,1 month
casa das poltronas,casa das poltronas​,C,49,0,590,,n/a,n/a,18,0.93,1.00,7,170,1 month
centros para sala,centros para sala​,I,42,0,590,,n/a,n/a,23,0.26,1.00,8,191,1 month
comprar cadeira,comprar cadeira​,T,61,0,590,,n/a,n/a,44,1.19,1.00,6,203,1 month
comprar cadeira de escritorio,comprar cadeira de escritorio​,T,62,0,590,,n/a,n/a,24,2.07,1.00,6,197,1 month
encosto cadeira escritorio,encosto cadeira escritorio​,IC,52,0,590,,n/a,n/a,19,0.31,1.00,8,214,1 month
encosto de cadeira escritorio,encosto de cadeira escritorio​,IC,49,0,590,,n/a,n/a,8,0.26,1.00,9,225,1 month
ergonomicas,ergonomicas​,I,40,0,590,,n/a,n/a,28,2.23,0.04,6,190,1 month
jogo de cadeira de madeira,jogo de cadeira de madeira​,C,53,0,590,,n/a,n/a,11,0.41,1.00,5,211,1 month
jogo de cadeiras de madeira,jogo de cadeiras de madeira​,IC,50,0,590,,n/a,n/a,7,0.41,1.00,6,202,1 month
jogos de cadeiras para cozinha,jogos de cadeiras para cozinha​,I,44,0,590,,n/a,n/a,14,0.26,1.00,5,215,1 month
kit cadeiras para escritorio,kit cadeiras para escritorio​,I,57,0,590,,n/a,n/a,11,1.30,1.00,5,203,1 month
kit de cadeiras para cozinha,kit de cadeiras para cozinha​,IC,47,0,590,,n/a,n/a,18,0.31,1.00,7,204,1 month
madeira madeira poltrona,madeira madeira poltrona​,N,55,0,590,,n/a,n/a,25,0.52,1.00,6,169,1 month
melhor cadeira ergonômica para coluna,melhor cadeira ergonômica para coluna​,C,47,0,590,,n/a,n/a,12,0.78,1.00,8,168,1 month
melhor cadeira para gamer,melhor cadeira para gamer​,C,47,0,590,,n/a,n/a,22,0.57,1.00,8,171,1 month
mercado livre cadeira de escritorio,mercado livre cadeira de escritorio​,IT,53,0,590,,n/a,n/a,44,0.67,1.00,4,161,1 month
mesa de canto cozinha,mesa de canto cozinha​,I,48,0,590,,n/a,n/a,25,0.57,1.00,9,219,1 month
mesa de canto redonda,mesa de canto redonda​,I,49,0,590,,n/a,n/a,21,0.57,1.00,7,221,1 month
mesa de canto sofa,mesa de canto sofa​,I,48,0,590,,n/a,n/a,24,0.62,1.00,9,191,1 month
mesa lateral sala,mesa lateral sala​,IC,50,0,590,,n/a,n/a,19,0.98,1.00,7,197,1 month
mesa para sala de estar,mesa para sala de estar​,IC,46,0,590,,n/a,n/a,20,0.47,1.00,8,190,1 month
mesa para salas,mesa para salas​,IC,47,0,590,,n/a,n/a,26,0.52,1.00,8,191,1 month
mesas laterais,mesas laterais​,IC,51,0,590,,n/a,n/a,17,0.93,1.00,6,192,1 month
mesinha centro sala,mesinha centro sala​,IC,41,0,590,,n/a,n/a,21,0.52,1.00,6,195,1 month
mesinha de canto de sala,mesinha de canto de sala​,I,53,0,590,,n/a,n/a,15,0.41,1.00,8,192,1 month
mesinha de sala de canto,mesinha de sala de canto​,I,46,0,590,,n/a,n/a,18,0.31,1.00,8,194,1 month
mesinha lateral cama,mesinha lateral cama​,I,53,0,590,,n/a,n/a,27,0.73,1.00,6,195,1 month
mesinha redonda de canto,mesinha redonda de canto​,I,49,0,590,,n/a,n/a,19,0.57,1.00,7,202,1 month
modelo de cadeira em madeira,modelo de cadeira em madeira​,IC,52,0,590,,n/a,n/a,19,0.47,1.00,7,187,1 month
modelo de cadeiras de madeiras,modelo de cadeiras de madeiras​,I,53,0,590,,n/a,n/a,22,0.47,1.00,8,197,1 month
modelo de cadeiras madeira,modelo de cadeiras madeira​,IC,53,0,590,,n/a,n/a,20,0.47,1.00,6,189,1 month
modelos cadeiras de madeira,modelos cadeiras de madeira​,I,50,0,590,,n/a,n/a,22,0.47,1.00,8,187,1 month
modelos de cadeira de madeiras,modelos de cadeira de madeiras​,I,56,0,590,,n/a,n/a,16,0.47,1.00,8,183,1 month
modelos de cadeira madeira,modelos de cadeira madeira​,IC,52,0,590,,n/a,n/a,22,0.47,1.00,8,188,1 month
modelos de poltronas,modelos de poltronas​,I,48,0,590,,n/a,n/a,23,0.36,1.00,6,122,1 month
modelos de poltronas para sala,modelos de poltronas para sala​,I,44,0,590,,n/a,n/a,24,0.41,1.00,9,189,1 month
móveis para varanda,móveis para varanda​,C,48,0,590,,n/a,n/a,17,0.83,1.00,8,189,1 month
olx cadeiras usadas,olx cadeiras usadas​,TN,38,0,590,,n/a,n/a,32,0.21,1.00,2,171,1 month
poltrona acapulco,poltrona acapulco​,I,48,0,590,,n/a,n/a,24,0.67,1.00,9,182,1 month
poltrona barata,poltrona barata​,C,41,0,590,,n/a,n/a,28,0.36,1.00,7,216,1 month
poltrona confortável para sala pequena,poltrona confortável para sala pequena​,I,46,0,590,,n/a,n/a,26,0.36,1.00,10,190,1 month
poltrona individual,poltrona individual​,C,45,0,590,,n/a,n/a,23,0.57,1.00,7,192,1 month
poltrona para sala simples,poltrona para sala simples​,C,51,0,590,,n/a,n/a,24,0.36,1.00,7,196,1 month
poltrona pequena para quarto,poltrona pequena para quarto​,IC,47,0,590,,n/a,n/a,26,0.31,1.00,8,191,1 month
poltrona quarto casal,poltrona quarto casal​,IC,44,0,590,,n/a,n/a,28,0.62,1.00,7,189,1 month
poltrona sala de jantar,poltrona sala de jantar​,I,49,0,590,,n/a,n/a,20,0.57,1.00,5,153,1 month
poltrona sofá,poltrona sofá​,I,51,0,590,,n/a,n/a,12,0.62,1.00,6,194,1 month
poltronas confortaveis e modernas,poltronas confortaveis e modernas​,IC,48,0,590,,n/a,n/a,16,0.67,1.00,8,193,1 month
poltronas e cadeiras,poltronas e cadeiras​,C,50,0,590,,n/a,n/a,13,0.83,1.00,6,194,1 month
poltronas modernas e confortaveis,poltronas modernas e confortaveis​,C,51,0,590,,n/a,n/a,19,0.67,1.00,6,192,1 month
poltronas para escritorio recepção,poltronas para escritorio recepção​,C,44,0,590,,n/a,n/a,15,1.04,1.00,4,177,1 month
poltronas sala de estar,poltronas sala de estar​,IC,52,0,590,,n/a,n/a,20,0.47,1.00,8,198,1 month
tela mesh,tela mesh​,C,34,0,590,,n/a,n/a,7,0.57,0.79,8,180,1 month
allegra cadeira,allegra cadeira​,I,54,0,480,,n/a,n/a,11,0.83,1.00,7,191,1 month
assento de cadeira escritorio,assento de cadeira escritorio​,IC,52,0,480,,n/a,n/a,19,0.21,1.00,6,242,1 month
assento para cadeira de escritório,assento para cadeira de escritório​,IC,51,0,480,,n/a,n/a,21,0.21,1.00,7,220,1 month
banco para o quarto,banco para o quarto​,I,47,0,480,,n/a,n/a,13,0.62,1.00,5,192,1 month
braco de cadeira de escritorio,braco de cadeira de escritorio​,IC,48,0,480,,n/a,n/a,13,0.31,1.00,6,193,1 month
braços para cadeira,braços para cadeira​,IT,47,0,480,,n/a,n/a,14,0.26,1.00,8,192,1 month
cabideiro de madeira de chão,cabideiro de madeira de chão​,IC,49,0,480,,n/a,n/a,15,0.36,1.00,9,192,1 month
cabideiros de pé,cabideiros de pé​,C,50,0,480,,n/a,n/a,25,0.31,1.00,5,5,1 month
cabideiros em madeira,cabideiros em madeira​,I,55,0,480,,n/a,n/a,17,0.57,1.00,6,194,1 month
cadeir,cadeir​,C,82,0,480,,n/a,n/a,18,1.35,1.00,5,194,1 month
cadeira 150kg,cadeira 150kg​,C,57,0,480,,n/a,n/a,25,0.73,1.00,7,234,1 month
cadeira alegra preta,cadeira alegra preta​,IC,50,0,480,,n/a,n/a,22,0.57,1.00,9,197,1 month
cadeira allegra nude,cadeira allegra nude​,I,47,0,480,,n/a,n/a,24,0.62,1.00,2,103,1 month
cadeira atendimento,cadeira atendimento​,IC,64,0,480,,n/a,n/a,16,1.50,1.00,6,198,1 month
cadeira brasil,cadeira brasil​,N,61,0,480,,n/a,n/a,39,1.87,1.00,6,193,1 month
cadeira cesca original,cadeira cesca original​,IC,48,0,480,,n/a,n/a,10,0.98,1.00,7,187,1 month
cadeira cliente escritorio,cadeira cliente escritorio​,IC,62,0,480,,n/a,n/a,17,1.14,1.00,6,200,1 month
cadeira com pe de madeira,cadeira com pe de madeira​,I,55,0,480,,n/a,n/a,18,0.41,1.00,8,227,1 month
cadeira com rodinha,cadeira com rodinha​,I,58,0,480,,n/a,n/a,24,0.62,1.00,8,238,1 month
cadeira comprar,cadeira comprar​,T,61,0,480,,n/a,n/a,23,1.50,1.00,7,201,1 month
cadeira computadores,cadeira computadores​,n/a,67,0,480,,n/a,n/a,n/a,0.67,1.00,n/a,n/a,Refresh
cadeira confortável para sala,cadeira confortável para sala​,IC,60,0,480,,n/a,n/a,25,0.47,1.00,8,206,1 month
cadeira confortável para trabalhar,cadeira confortável para trabalhar​,I,58,0,480,,n/a,n/a,16,1.09,1.00,8,183,1 month
cadeira de diretor cinema,cadeira de diretor cinema​,IC,49,0,480,,n/a,n/a,17,0.41,1.00,8,182,1 month
cadeira de escritorio pequena,cadeira de escritorio pequena​,I,59,0,480,,n/a,n/a,26,0.73,1.00,7,201,1 month
cadeira de escritório barata,cadeira de escritório barata​,I,60,0,480,,n/a,n/a,24,0.62,1.00,6,196,1 month
cadeira de escritório ergonomica,cadeira de escritório ergonomica​,IC,60,0,480,,n/a,n/a,24,1.45,1.00,6,195,1 month
cadeira de escritório gamer,cadeira de escritório gamer​,C,53,0,480,,n/a,n/a,36,0.67,1.00,9,195,1 month
cadeira de madeira com estofado,cadeira de madeira com estofado​,I,49,0,480,,n/a,n/a,10,0.62,1.00,7,199,1 month
cadeira de pc,cadeira de pc​,IC,60,0,480,,n/a,n/a,40,0.52,1.00,6,152,1 month
cadeira de rodinha escritorio,cadeira de rodinha escritorio​,IC,59,0,480,,n/a,n/a,17,0.93,1.00,7,194,1 month
cadeira de sala de estar,cadeira de sala de estar​,C,58,0,480,,n/a,n/a,21,0.41,1.00,9,205,1 month
cadeira de secretaria,cadeira de secretaria​,I,60,0,480,,n/a,n/a,20,1.35,1.00,7,197,1 month
cadeira de video game,cadeira de video game​,C,51,0,480,,n/a,n/a,26,0.31,1.00,7,190,1 month
cadeira de videogame,cadeira de videogame​,C,53,0,480,,n/a,n/a,25,0.31,1.00,4,125,1 month
cadeira de área externa,cadeira de área externa​,C,52,0,480,,n/a,n/a,22,0.41,1.00,7,188,1 month
cadeira decorativa sala,cadeira decorativa sala​,IC,53,0,480,,n/a,n/a,16,0.36,1.00,8,194,1 month
cadeira do diretor de cinema,cadeira do diretor de cinema​,IC,48,0,480,,n/a,n/a,17,0.41,1.00,8,193,1 month
cadeira egornomica,cadeira egornomica​,C,62,0,480,,n/a,n/a,37,0.00,0.00,8,189,1 month
cadeira eiffel branca,cadeira eiffel branca​,I,53,0,480,,n/a,n/a,16,0.47,1.00,9,204,1 month
cadeira ergomica,cadeira ergomica​,C,65,0,480,,n/a,n/a,16,1.24,1.00,6,184,1 month
cadeira ergonomica 150kg,cadeira ergonomica 150kg​,C,55,0,480,,n/a,n/a,24,0.83,1.00,6,209,1 month
cadeira ergonomica barata,cadeira ergonomica barata​,IC,58,0,480,,n/a,n/a,38,0.36,1.00,8,157,1 month
cadeira ergonomica com apoio de pé,cadeira ergonomica com apoio de pé​,I,53,0,480,,n/a,n/a,24,0.83,1.00,6,216,1 month
cadeira ergonômica home office,cadeira ergonômica home office​,C,57,0,480,,n/a,n/a,30,1.24,1.00,5,158,1 month
cadeira escritorio 150 kg,cadeira escritorio 150 kg​,C,51,0,480,,n/a,n/a,21,0.98,1.00,4,9,1 month
cadeira escritorio 150kg,cadeira escritorio 150kg​,C,53,0,480,,n/a,n/a,22,0.98,1.00,5,190,1 month
cadeira escritorio barata,cadeira escritorio barata​,IC,60,0,480,,n/a,n/a,29,0.73,1.00,7,190,1 month
cadeira escritorio giratoria,cadeira escritorio giratoria​,IC,58,0,480,,n/a,n/a,19,1.55,1.00,7,199,1 month
cadeira escritorio recepção,cadeira escritorio recepção​,I,51,0,480,,n/a,n/a,5,1.50,1.00,5,181,1 month
cadeira escritorio reclinavel,cadeira escritorio reclinavel​,IC,56,0,480,,n/a,n/a,24,1.14,1.00,5,210,1 month
cadeira escritório couro branco,cadeira escritório couro branco​,C,61,0,480,,n/a,n/a,18,0.00,0.00,5,172,1 month
cadeira espera,cadeira espera​,I,53,0,480,,n/a,n/a,25,0.93,1.00,7,215,1 month
cadeira estofada madeira,cadeira estofada madeira​,I,51,0,480,,n/a,n/a,7,0.78,1.00,6,194,1 month
cadeira executiva ergonômica,cadeira executiva ergonômica​,C,50,0,480,,n/a,n/a,23,1.40,1.00,8,196,1 month
cadeira fixa secretaria,cadeira fixa secretaria​,IC,46,0,480,,n/a,n/a,3,1.76,1.00,6,197,1 month
cadeira gamer 200 kg,cadeira gamer 200 kg​,C,48,0,480,,n/a,n/a,23,0.31,1.00,8,204,1 month
cadeira gamer barato,cadeira gamer barato​,C,54,0,480,,n/a,n/a,37,0.31,1.00,7,192,1 month
cadeira gamer black friday,cadeira gamer black friday​,C,53,0,480,,n/a,n/a,25,0.52,0.79,4,192,1 month
cadeira gamer infanto juvenil,cadeira gamer infanto juvenil​,I,56,0,480,,n/a,n/a,25,0.31,1.00,6,116,1 month
cadeira gamer pc,cadeira gamer pc​,C,56,0,480,,n/a,n/a,38,0.47,1.00,7,194,1 month
cadeira gamer promocao,cadeira gamer promocao​,C,55,0,480,,n/a,n/a,32,0.41,1.00,5,127,1 month
cadeira gamer reclinável,cadeira gamer reclinável​,IC,54,0,480,,n/a,n/a,29,0.93,1.00,6,196,1 month
cadeira giratória branca,cadeira giratória branca​,IC,54,0,480,,n/a,n/a,18,0.88,1.00,6,222,1 month
cadeira interlocutor,cadeira interlocutor​,I,50,0,480,,n/a,n/a,7,1.40,1.00,6,212,1 month
cadeira laranja,cadeira laranja​,IC,52,0,480,,n/a,n/a,16,1.14,1.00,6,166,1 month
cadeira maciça,cadeira maciça​,I,56,0,480,,n/a,n/a,20,0.67,1.00,5,86,1 month
cadeira madeira maciça estofada,cadeira madeira maciça estofada​,C,52,0,480,,n/a,n/a,8,0.67,1.00,7,209,1 month
cadeira mesa de estudo,cadeira mesa de estudo​,IC,53,0,480,,n/a,n/a,21,0.36,1.00,5,7,1 month
cadeira mesa de estudos,cadeira mesa de estudos​,C,59,0,480,,n/a,n/a,19,0.36,1.00,4,9,1 month
cadeira para atendimento,cadeira para atendimento​,IC,57,0,480,,n/a,n/a,13,1.50,1.00,7,217,1 month
cadeira para escritório giratória,cadeira para escritório giratória​,I,58,0,480,,n/a,n/a,12,1.35,1.00,7,187,1 month
cadeira para gamers pc,cadeira para gamers pc​,C,52,0,480,,n/a,n/a,38,0.47,0.99,6,200,1 month
cadeira para jardim externo,cadeira para jardim externo​,C,52,0,480,,n/a,n/a,22,0.52,1.00,7,192,1 month
cadeira para mesa de computador,cadeira para mesa de computador​,C,60,0,480,,n/a,n/a,22,0.41,1.00,6,221,1 month
cadeira para pc gamer,cadeira para pc gamer​,C,54,0,480,,n/a,n/a,36,0.47,1.00,7,218,1 month
cadeira para sacada pequena,cadeira para sacada pequena​,I,56,0,480,,n/a,n/a,27,0.36,1.00,8,195,1 month
cadeira para sala de espera,cadeira para sala de espera​,I,55,0,480,,n/a,n/a,14,0.78,1.00,8,200,1 month
cadeira poltrona escritorio,cadeira poltrona escritorio​,IC,56,0,480,,n/a,n/a,21,1.19,1.00,7,201,1 month
cadeira pra escritorio,cadeira pra escritorio​,IC,67,0,480,,n/a,n/a,26,1.30,1.00,6,197,1 month
cadeira presidente couro,cadeira presidente couro​,IC,51,0,480,,n/a,n/a,7,1.40,1.00,8,191,1 month
cadeira presidente giratória,cadeira presidente giratória​,I,53,0,480,,n/a,n/a,13,1.35,1.00,9,193,1 month
cadeira quarto feminino,cadeira quarto feminino​,C,54,0,480,,n/a,n/a,27,0.41,1.00,7,180,1 month
cadeira sala de jantar moderna,cadeira sala de jantar moderna​,I,55,0,480,,n/a,n/a,8,0.62,1.00,9,190,1 month
cadeira simples de madeira,cadeira simples de madeira​,IT,59,0,480,,n/a,n/a,28,0.41,1.00,8,175,1 month
cadeira tipo poltrona,cadeira tipo poltrona​,I,58,0,480,,n/a,n/a,21,0.62,1.00,9,210,1 month
cadeira usada,cadeira usada​,C,52,0,480,,n/a,n/a,28,0.21,1.00,6,208,1 month
cadeira varanda externa,cadeira varanda externa​,C,55,0,480,,n/a,n/a,23,0.52,1.00,8,196,1 month
cadeira verde musgo,cadeira verde musgo​,I,53,0,480,,n/a,n/a,16,0.73,1.00,8,194,1 month
cadeiras brancas,cadeiras brancas​,I,57,0,480,,n/a,n/a,26,0.83,1.00,7,198,1 month
cadeiras confortáveis,cadeiras confortáveis​,C,61,0,480,,n/a,n/a,21,0.62,1.00,8,196,1 month
cadeiras cozinhas modernas,cadeiras cozinhas modernas​,C,52,0,480,,n/a,n/a,21,0.47,1.00,6,195,1 month
cadeiras de escritorio confortaveis,cadeiras de escritorio confortaveis​,C,56,0,480,,n/a,n/a,20,1.09,1.00,8,180,1 month
cadeiras de jantar modernas,cadeiras de jantar modernas​,I,54,0,480,,n/a,n/a,9,0.62,1.00,8,190,1 month
cadeiras de madeira com estofados,cadeiras de madeira com estofados​,I,51,0,480,,n/a,n/a,15,0.57,1.00,8,194,1 month
cadeiras de madeira modernas,cadeiras de madeira modernas​,I,54,0,480,,n/a,n/a,16,0.57,1.00,6,190,1 month
cadeiras de madeiras antigas,cadeiras de madeiras antigas​,IC,45,0,480,,n/a,n/a,28,0.16,1.00,7,201,1 month
cadeiras de área externa,cadeiras de área externa​,I,50,0,480,,n/a,n/a,19,0.41,1.00,7,189,1 month
cadeiras decorativa para sala,cadeiras decorativa para sala​,C,55,0,480,,n/a,n/a,18,0.36,1.00,6,197,1 month
cadeiras design,cadeiras design​,C,52,0,480,,n/a,n/a,16,1.50,1.00,8,165,1 month
cadeiras ergonomicas escritorio,cadeiras ergonomicas escritorio​,C,60,0,480,,n/a,n/a,36,1.55,1.00,8,197,1 month
cadeiras executivas,cadeiras executivas​,C,51,0,480,,n/a,n/a,9,1.71,1.00,6,190,1 month
cadeiras externas,cadeiras externas​,IC,49,0,480,,n/a,n/a,21,0.78,1.00,6,198,1 month
cadeiras fixas de escritorio,cadeiras fixas de escritorio​,I,50,0,480,,n/a,n/a,7,1.40,1.00,7,196,1 month
cadeiras giratórias para escritório,cadeiras giratórias para escritório​,C,56,0,480,,n/a,n/a,25,1.14,1.00,7,204,1 month
cadeiras madeira macica,cadeiras madeira macica​,IC,54,0,480,,n/a,n/a,5,0.67,1.00,7,188,1 month
cadeiras madeira madeira,cadeiras madeira madeira​,IT,56,0,480,,n/a,n/a,33,0.57,1.00,6,168,1 month
cadeiras modernas sala de jantar,cadeiras modernas sala de jantar​,IC,53,0,480,,n/a,n/a,13,0.62,1.00,9,196,1 month
cadeiras na olx,cadeiras na olx​,TN,39,0,480,,n/a,n/a,31,0.31,1.00,3,160,1 month
cadeiras olx,cadeiras olx​,TN,40,0,480,,n/a,n/a,32,0.31,1.00,1,98,1 month
cadeiras para escrivaninha,cadeiras para escrivaninha​,IC,58,0,480,,n/a,n/a,21,0.47,1.00,7,202,1 month
cadeiras para leitura,cadeiras para leitura​,IC,53,0,480,,n/a,n/a,26,0.57,1.00,8,221,1 month
cadeiras para mesa de estudos,cadeiras para mesa de estudos​,IC,58,0,480,,n/a,n/a,25,0.36,1.00,6,198,1 month
cadeiras para mesinha de estudo,cadeiras para mesinha de estudo​,IC,52,0,480,,n/a,n/a,24,0.36,1.00,7,233,1 month
cadeiras para sala de jantar em promoção,cadeiras para sala de jantar em promoção​,IC,55,0,480,,n/a,n/a,13,0.41,1.00,6,199,1 month
cadeiras usadas,cadeiras usadas​,C,46,0,480,,n/a,n/a,26,0.21,1.00,7,201,1 month
cadeiras usadas baratas,cadeiras usadas baratas​,C,51,0,480,,n/a,n/a,27,0.16,1.00,7,178,1 month
cadeirões baratos,cadeirões baratos​,C,55,0,480,,n/a,n/a,21,0.00,0.00,5,194,1 month
compra de cadeiras para escritorio,compra de cadeiras para escritorio​,T,59,0,480,,n/a,n/a,32,2.07,1.00,5,199,1 month
comprar poltrona,comprar poltrona​,T,47,0,480,,n/a,n/a,31,1.04,1.00,4,125,1 month
decor assentos,decor assentos​,N,56,0,480,,n/a,n/a,33,28.92,1.00,6,178,1 month