Keyword,Intent,Position,SF,Traffic,Traffic %,Volume,KD %,URL,Updated
elements,IN,3,6,271,48.22,27.1K,50,corporativo.elements.com.br/,Sep 13
cadeira elements,CN,4,7,96,17.08,12.1K,36,corporativo.elements.com.br/collections/cadeiras,3 days
elements astra pro,IT,4,5,26,4.62,1.9K,36,corporativo.elements.com.br/products/cadeira-ergonomica-astra-pro,Aug 21
elements cadeiras,N,4,6,24,4.27,2.4K,37,corporativo.elements.com.br/collections/cadeiras,Aug 21
astra pro,C,8,7,22,3.91,1K,25,corporativo.elements.com.br/products/cadeira-ergonomica-astra-pro,Aug 25
elements cadeira,CN,7,7,14,2.49,8.1K,51,corporativo.elements.com.br/collections/cadeiras,3 days
cadeiras elements,NT,3,6,10,1.77,1K,29,corporativo.elements.com.br/collections/cadeiras,Aug 24
elements,IN,20,6,8,1.42,27.1K,50,corporativo.elements.com.br/collections/cadeiras,Sep 13
cadeira elements,CN,14,7,7,1.24,12.1K,36,corporativo.elements.com.br/products/cadeira-ergonomica-astra-pro,3 days
cadeira elements,CN,15,7,7,1.24,12.1K,36,corporativo.elements.com.br/products/cadeira-ergonomica-astra-pro,3 days
elements brasil,N,8,6,6,1.06,1K,46,corporativo.elements.com.br/collections/cadeiras,Aug 24
elementes,N,4,6,5,0.88,590,45,corporativo.elements.com.br/,Sep 01
cadeira elements astra pro,C,5,7,4,0.71,590,32,corporativo.elements.com.br/products/cadeira-ergonomica-astra-pro,Sep 13
elements cadeira,CN,13,7,4,0.71,8.1K,51,corporativo.elements.com.br/collections/cadeiras-fixas,3 days
elements astra pro:,IT,4,6,4,0.71,320,28,corporativo.elements.com.br/products/cadeira-ergonomica-astra-pro,Aug 10
elements astra,I,10,8,3,0.53,4.4K,39,corporativo.elements.com.br/products/cadeira-ergonomica-astra-pro,Sep 15
astra pro elements,I,4,7,3,0.53,260,35,corporativo.elements.com.br/products/cadeira-ergonomica-astra-pro,Sep 07
cadeira elements,CN,20,7,3,0.53,12.1K,36,corporativo.elements.com.br/products/cadeira-ergonomica-elements-sarin,3 days
loja elements,N,4,5,3,0.53,320,38,corporativo.elements.com.br/collections/cadeiras,Sep 02
elements br,NT,5,6,3,0.53,390,47,corporativo.elements.com.br/,Aug 11
elemntes,NT,2,7,2,0.35,110,41,corporativo.elements.com.br/,Sep 04
elements mesa,IT,3,6,2,0.35,140,16,corporativo.elements.com.br/collections/ver-todas-as-mesas,Aug 03
elements sarin,I,3,7,2,0.35,140,20,corporativo.elements.com.br/products/cadeira-ergonomica-elements-sarin,Sep 05
elemnts,N,7,5,2,0.35,390,61,corporativo.elements.com.br/,Aug 29
cadeira ergonômica elements astra pro preta,C,2,6,2,0.35,90,21,corporativo.elements.com.br/products/cadeira-ergonomica-astra-pro,Aug 01
elements cadeira,CN,16,7,2,0.35,8.1K,51,corporativo.elements.com.br/collections/linha-essencial,3 days
elements cadeira,CN,22,7,2,0.35,8.1K,51,corporativo.elements.com.br/products/cadeira-ergonomica-elements-sarin,3 days
astrapro,I,4,8,2,0.35,90,27,corporativo.elements.com.br/products/cadeira-ergonomica-astra-pro,Aug 28
cadeira elemnts,NT,4,7,2,0.35,260,32,corporativo.elements.com.br/collections/cadeiras,Aug 25
astra elements,I,10,8,2,0.35,3.6K,34,corporativo.elements.com.br/products/cadeira-ergonomica-astra-pro,Sep 14
elements astra,I,15,8,1,0.17,4.4K,39,corporativo.elements.com.br/products/cadeira-ergonomica-elements-astra,Sep 15
elements astra,I,19,8,1,0.17,4.4K,39,corporativo.elements.com.br/products/cadeira-ergonomica-elements-astra,Sep 15
elements,IN,41,6,1,0.17,27.1K,50,corporativo.elements.com.br/collections/all,Sep 13
calaena elements,CI,4,7,1,0.17,110,31,corporativo.elements.com.br/products/cadeira-ergonomica-elements-calaena,1 day
elements siggy,IT,,8,1,0.17,1.3K,34,corporativo.elements.com.br/products/cadeira-ergonomica-elements-siggy,Aug 23
centro de tecnologia elements,N,4,6,1,0.17,110,23,corporativo.elements.com.br/,Aug 14
cadeira elements,CN,26,7,1,0.17,12.1K,36,corporativo.elements.com.br/collections/ver-todas-as-cadeiras-ergonomicas,3 days
element mesa,N,4,6,1,0.17,110,27,corporativo.elements.com.br/collections/ver-todas-as-mesas,Aug 28
elementts,IN,3,7,1,0.17,90,55,corporativo.elements.com.br/,4 days
elements cadeira,CN,26,7,1,0.17,8.1K,51,corporativo.elements.com.br/collections/ver-todas-as-cadeiras-ergonomicas?page=2,3 days
elements astra pro cadeira,IT,5,8,1,0.17,170,34,corporativo.elements.com.br/products/cadeira-ergonomica-astra-pro,4 days
elemenys,N,3,7,1,0.17,110,51,corporativo.elements.com.br/,Sep 12
loja elements,N,8,5,1,0.17,320,38,corporativo.elements.com.br/,Sep 02
elements br,NT,9,6,1,0.17,390,47,corporativo.elements.com.br/collections/cadeiras,Aug 11
elements.,N,3,6,1,0.17,110,48,corporativo.elements.com.br/,Sep 13
estação de trabalho 2 lugares,I,14,5,1,0.17,480,3,corporativo.elements.com.br/collections/estacao-de-trabalho-2-lugares,Jul 27
elemnets,NT,4,5,1,0.17,140,39,corporativo.elements.com.br/,Aug 20
siggy,I,20,7,1,0.17,720,26,corporativo.elements.com.br/products/cadeira-ergonomica-elements-siggy,Aug 21
eleents,N,4,6,1,0.17,140,47,corporativo.elements.com.br/,Sep 01
vertta elements,I,26,7,0,< 0.01,110,19,corporativo.elements.com.br/products/cadeira-ergonomica-elements-vertta-pro,Aug 13
vertta elements,I,27,7,0,< 0.01,110,19,corporativo.elements.com.br/products/cadeira-ergonomica-elements-vertta-pro,Aug 13
vertta elements,I,30,7,0,< 0.01,110,19,corporativo.elements.com.br/collections/ver-todas-as-cadeiras-ergonomicas,Aug 13
cadeira elements belena,CI,33,7,0,< 0.01,90,22,corporativo.elements.com.br/pages/compare-modelos,2 days
cadeira elements belena,CI,35,7,0,< 0.01,90,22,corporativo.elements.com.br/collections/linha-essencial,2 days
cadeira elements belena,CI,41,7,0,< 0.01,90,22,corporativo.elements.com.br/collections/cadeiras,2 days
cadeira elements belena,CI,44,7,0,< 0.01,90,22,corporativo.elements.com.br/products/cadeira-ergonomica-elements-serena,2 days
cadeira elements belena,CI,47,7,0,< 0.01,90,22,corporativo.elements.com.br/products/cadeira-ergonomica-elements-serena,2 days
cadeira elements belena,CI,52,7,0,< 0.01,90,22,corporativo.elements.com.br/collections/ver-todas-as-cadeiras-ergonomicas,2 days
cadeira elements belena,CI,60,7,0,< 0.01,90,22,corporativo.elements.com.br/collections/todos-os-produtos,2 days
elemntes,NT,31,7,0,< 0.01,110,41,corporativo.elements.com.br/collections/cadeiras,Sep 04
elemntes,NT,37,7,0,< 0.01,110,41,corporativo.elements.com.br/collections/lancamentos,Sep 04
elemntes,NT,40,7,0,< 0.01,110,41,corporativo.elements.com.br/collections/all,Sep 04
cadeira da elements,CI,25,8,0,< 0.01,90,26,corporativo.elements.com.br/collections/linha-essencial,Sep 05
element cadeiras,N,15,7,0,< 0.01,720,36,corporativo.elements.com.br/collections/cadeiras,Aug 13
elements samaia,I,43,8,0,< 0.01,320,31,corporativo.elements.com.br/pages/compare-modelos,4 days
elements samaia,I,51,8,0,< 0.01,320,31,corporativo.elements.com.br/collections/linha-essencial,4 days
elements samaia,I,54,8,0,< 0.01,320,31,corporativo.elements.com.br/collections/cadeiras,4 days
cadeira elements sophy,I,28,8,0,< 0.01,720,36,corporativo.elements.com.br/products/cadeira-ergonomica-elements-sophy,Aug 30
cadeira elements astra pro,C,,7,0,< 0.01,590,32,corporativo.elements.com.br/products/cadeira-ergonomica-astra-pro,Sep 13
calena,I,61,8,0,< 0.01,720,36,corporativo.elements.com.br/products/cadeira-ergonomica-elements-calaena,Aug 28
elementsbrasil,N,29,6,0,< 0.01,320,54,corporativo.elements.com.br/pages/compare-modelos,Aug 05
elementsbrasil,N,45,6,0,< 0.01,320,54,corporativo.elements.com.br/,Aug 05
calens,I,59,5,0,< 0.01,210,38,corporativo.elements.com.br/products/cadeira-ergonomica-elements-calaena,Aug 15
astra preta,I,30,10,0,< 0.01,590,20,corporativo.elements.com.br/products/cadeira-ergonomica-astra-pro,Jul 31
astra preta,I,37,10,0,< 0.01,590,20,corporativo.elements.com.br/products/cadeira-ergonomica-astra-pro,Jul 31
elements galatea,I,,8,0,< 0.01,210,21,corporativo.elements.com.br/products/cadeira-ergonomica-elements-galatea,Aug 28
elements galatea,I,,8,0,< 0.01,210,21,corporativo.elements.com.br/products/cadeira-ergonomica-elements-galatea,Aug 28
elements galatea,I,10,8,0,< 0.01,210,21,corporativo.elements.com.br/products/cadeira-ergonomica-elements-galatea,Aug 28
elements galatea,I,19,8,0,< 0.01,210,21,corporativo.elements.com.br/collections/cadeiras,Aug 28
elements pro,IT,21,7,0,< 0.01,140,37,corporativo.elements.com.br/products/cadeira-ergonomica-astra-pro,Aug 28
elements pro,IT,40,7,0,< 0.01,140,37,corporativo.elements.com.br/products/cadeira-ergonomica-elements-vertta-pro,Aug 28
elements pro,IT,46,7,0,< 0.01,140,37,corporativo.elements.com.br/,Aug 28
elemenst,N,24,6,0,< 0.01,110,43,corporativo.elements.com.br/collections/cadeiras,Aug 27
elemenst,N,29,6,0,< 0.01,110,43,corporativo.elements.com.br/collections/lancamentos,Aug 27
elemenst,N,35,6,0,< 0.01,110,43,corporativo.elements.com.br/collections/all,Aug 27
elemenst,N,40,6,0,< 0.01,110,43,corporativo.elements.com.br/collections/all,Aug 27
elemenst,N,48,6,0,< 0.01,110,43,corporativo.elements.com.br/collections/lancamentos,Aug 27
elemenst,N,57,6,0,< 0.01,110,43,corporativo.elements.com.br/collections/all,Aug 27
cadeira elements una,I,52,8,0,< 0.01,90,23,corporativo.elements.com.br/collections/cadeiras,Aug 10
cadeira elements una,I,54,8,0,< 0.01,90,23,corporativo.elements.com.br/products/cadeira-ergonomica-elements-serena,Aug 10
cadeira elements una,I,56,8,0,< 0.01,90,23,corporativo.elements.com.br/collections/linha-avancada,Aug 10
cadeira elements una,I,58,8,0,< 0.01,90,23,corporativo.elements.com.br/collections/ver-todas-as-cadeiras-ergonomicas,Aug 10
cadeira elements una,I,61,8,0,< 0.01,90,23,corporativo.elements.com.br/collections/ver-todas-as-cadeiras-ergonomicas,Aug 10
elements mesa,IT,62,6,0,< 0.01,140,16,corporativo.elements.com.br/collections/all,Aug 03
rasala elements,I,46,7,0,< 0.01,90,27,corporativo.elements.com.br/collections/cadeiras,23 hours
rasala elements,I,59,7,0,< 0.01,90,27,corporativo.elements.com.br/pages/compare-modelos,23 hours
rasala elements,I,62,7,0,< 0.01,90,27,corporativo.elements.com.br/collections/ver-todas-as-cadeiras-ergonomicas,23 hours
calaena elements,CI,26,7,0,< 0.01,110,31,corporativo.elements.com.br/collections/todos-os-produtos,1 day
calaena elements,CI,52,7,0,< 0.01,110,31,corporativo.elements.com.br/products/cadeira-ergonomica-elements-serena,1 day
cadeira elements rasala,CI,49,9,0,< 0.01,260,33,corporativo.elements.com.br/collections/cadeiras,Sep 12
cadeira elements astra,IT,21,8,0,< 0.01,1.9K,35,corporativo.elements.com.br/products/cadeira-ergonomica-astra-pro,Aug 20
cadeira de escritorio ergonômica preta elements astra,I,22,7,0,< 0.01,110,20,corporativo.elements.com.br/products/cadeira-ergonomica-astra-pro,Sep 04
elements olympia,I,70,5,0,< 0.01,390,30,corporativo.elements.com.br/collections/cadeiras,Aug 09
elements olympia,I,80,5,0,< 0.01,390,30,corporativo.elements.com.br/collections/linha-avancada,Aug 09
elements olympia,I,86,5,0,< 0.01,390,30,corporativo.elements.com.br/products/cadeira-ergonomica-elements-alasia,Aug 09
elements brasil,N,22,6,0,< 0.01,1K,46,corporativo.elements.com.br/collections/linha-essencial,Aug 24
elements brasil,N,29,6,0,< 0.01,1K,46,corporativo.elements.com.br/collections/cadeiras-fixas,Aug 24
elements brasil,N,32,6,0,< 0.01,1K,46,corporativo.elements.com.br/collections/all,Aug 24
elements brasil,N,34,6,0,< 0.01,1K,46,corporativo.elements.com.br/collections/lancamentos,Aug 24
elementa,IN,87,7,0,< 0.01,390,45,corporativo.elements.com.br/collections/cadeiras,Aug 07
cadeira ergonômica elements vertta,C,30,8,0,< 0.01,170,18,corporativo.elements.com.br/products/cadeira-ergonomica-elements-vertta-pro,Sep 12
cadeira elements vertta,T,31,8,0,< 0.01,390,19,corporativo.elements.com.br/products/cadeira-ergonomica-elements-vertta-pro,Aug 09
elements rasala,I,49,7,0,< 0.01,880,32,corporativo.elements.com.br/collections/cadeiras,Sep 06
elements rasala,I,61,7,0,< 0.01,880,32,corporativo.elements.com.br/collections/ver-todas-as-cadeiras-ergonomicas,Sep 06
elements sophy,I,24,7,0,< 0.01,1.9K,37,corporativo.elements.com.br/products/cadeira-ergonomica-elements-sophy,Aug 25
elements vertra pro,I,39,8,0,< 0.01,480,35,corporativo.elements.com.br/products/cadeira-ergonomica-elements-vertta-pro,3 days
elements vertra pro,I,45,8,0,< 0.01,480,35,corporativo.elements.com.br/products/cadeira-ergonomica-astra-pro,3 days
cadeira ergonômica elements olympia,C,43,8,0,< 0.01,90,21,corporativo.elements.com.br/collections/cadeiras,Aug 25
elemeents,IN,3,7,0,< 0.01,90,44,corporativo.elements.com.br/,Sep 04
elemeents,IN,23,7,0,< 0.01,90,44,corporativo.elements.com.br/collections/all,Sep 04
elemeents,IN,31,7,0,< 0.01,90,44,corporativo.elements.com.br/collections/cadeiras,Sep 04
elemets,N,22,7,0,< 0.01,390,36,corporativo.elements.com.br/collections/cadeiras,Aug 30
elemets,N,26,7,0,< 0.01,390,36,corporativo.elements.com.br/collections/lancamentos,Aug 30
elemets,N,33,7,0,< 0.01,390,36,corporativo.elements.com.br/collections/all,Aug 30
elements cadeiras,N,16,6,0,< 0.01,2.4K,37,corporativo.elements.com.br/collections/cadeiras-fixas,Aug 21
elements cadeiras,N,18,6,0,< 0.01,2.4K,37,corporativo.elements.com.br/collections/cadeiras-fixas,Aug 21
elements cadeiras,N,22,6,0,< 0.01,2.4K,37,corporativo.elements.com.br/collections/linha-essencial,Aug 21
elements cadeiras,N,27,6,0,< 0.01,2.4K,37,corporativo.elements.com.br/collections/ver-todas-as-cadeiras-ergonomicas?page=2,Aug 21
elements cadeiras,N,31,6,0,< 0.01,2.4K,37,corporativo.elements.com.br/collections/linha-diretoria,Aug 21
elements cadeiras,N,34,6,0,< 0.01,2.4K,37,corporativo.elements.com.br/collections/lancamentos,Aug 21
centro de tecnologia elements,N,9,6,0,< 0.01,110,23,corporativo.elements.com.br/collections/cadeiras,Aug 14
centro de tecnologia elements,N,15,6,0,< 0.01,110,23,corporativo.elements.com.br/collections/linha-diretoria,Aug 14
centro de tecnologia elements,N,23,6,0,< 0.01,110,23,corporativo.elements.com.br/collections/all,Aug 14
centro de tecnologia elements,N,30,6,0,< 0.01,110,23,corporativo.elements.com.br/collections/lancamentos,Aug 14
centro de tecnologia elements,N,35,6,0,< 0.01,110,23,corporativo.elements.com.br/collections/todos-os-produtos,Aug 14
centro de tecnologia elements,N,37,6,0,< 0.01,110,23,corporativo.elements.com.br/collections/todos-os-produtos,Aug 14
astra pro elements,I,,7,0,< 0.01,260,35,corporativo.elements.com.br/products/cadeira-ergonomica-astra-pro,Sep 07
cadeira astra pro elements,IT,10,4,0,< 0.01,140,24,corporativo.elements.com.br/products/cadeira-ergonomica-astra-pro,Aug 01
elements sarin,I,30,7,0,< 0.01,140,20,corporativo.elements.com.br/collections/cadeiras,Sep 05
elements sarin,I,35,7,0,< 0.01,140,20,corporativo.elements.com.br/pages/compare-modelos,Sep 05
elements sarin,I,64,7,0,< 0.01,140,20,corporativo.elements.com.br/products/cadeira-ergonomica-elements-serena,Sep 05
element astra pro,I,,7,0,< 0.01,390,32,corporativo.elements.com.br/products/cadeira-ergonomica-astra-pro,Sep 01
elemnts,N,23,5,0,< 0.01,390,61,corporativo.elements.com.br/collections/cadeiras,Aug 29
elemnts,N,27,5,0,< 0.01,390,61,corporativo.elements.com.br/collections/lancamentos,Aug 29
elemnts,N,32,5,0,< 0.01,390,61,corporativo.elements.com.br/collections/all,Aug 29
elements una,I,33,7,0,< 0.01,390,28,corporativo.elements.com.br/pages/compare-modelos,Aug 09
elements una,I,45,7,0,< 0.01,390,28,corporativo.elements.com.br/collections/cadeiras,Aug 09
elements una,I,61,7,0,< 0.01,390,28,corporativo.elements.com.br/collections/linha-avancada,Aug 09
elements una,I,63,7,0,< 0.01,390,28,corporativo.elements.com.br/products/cadeira-ergonomica-elements-serena,Aug 09
cadeira elements nemesis,C,55,8,0,< 0.01,170,28,corporativo.elements.com.br/collections/cadeiras,Sep 08
cadeira elements nemesis,C,58,8,0,< 0.01,170,28,corporativo.elements.com.br/products/cadeira-ergonomica-elements-sarin,Sep 08
cadeira tania,CI,44,6,0,< 0.01,90,2,corporativo.elements.com.br/collections/linha-essencial,Jul 28
cadeira ergonomica elements,NT,41,7,0,< 0.01,1.6K,29,corporativo.elements.com.br/collections/cadeiras,Aug 21
cadeira ergonomica elements,NT,50,7,0,< 0.01,1.6K,29,corporativo.elements.com.br/collections/linha-essencial,Aug 21
cadeira ergonomica elements,NT,51,7,0,< 0.01,1.6K,29,corporativo.elements.com.br/products/cadeira-ergonomica-elements-sarin,Aug 21
cadeira ergonomica elements,NT,53,7,0,< 0.01,1.6K,29,corporativo.elements.com.br/collections/ver-todas-as-cadeiras-ergonomicas?page=2,Aug 21
elementes,N,29,6,0,< 0.01,590,45,corporativo.elements.com.br/collections/cadeiras,Sep 01
elementes,N,34,6,0,< 0.01,590,45,corporativo.elements.com.br/collections/lancamentos,Sep 01
elementes,N,35,6,0,< 0.01,590,45,corporativo.elements.com.br/collections/lancamentos,Sep 01
elementes,N,39,6,0,< 0.01,590,45,corporativo.elements.com.br/collections/all,Sep 01
cadeira serena,I,48,9,0,< 0.01,140,5,corporativo.elements.com.br/collections/ver-todas-as-cadeiras-ergonomicas,Aug 18
calira elements,CN,16,6,0,< 0.01,210,30,corporativo.elements.com.br/collections/todos-os-produtos,4 days
calira elements,CN,19,6,0,< 0.01,210,30,corporativo.elements.com.br/collections/cadeiras,4 days
calira elements,CN,26,6,0,< 0.01,210,30,corporativo.elements.com.br/collections/ver-todas-as-cadeiras-ergonomicas,4 days
elementz,N,51,7,0,< 0.01,210,36,corporativo.elements.com.br/,Aug 18
cadeira elements aiven,C,40,7,0,< 0.01,140,23,corporativo.elements.com.br/collections/cadeiras,Aug 28
elements verta pro,I,34,6,0,< 0.01,390,36,corporativo.elements.com.br/products/cadeira-ergonomica-elements-vertta-pro,Aug 18
elements verta pro,I,47,6,0,< 0.01,390,36,corporativo.elements.com.br/products/cadeira-ergonomica-astra-pro,Aug 18
elementz cadeira,CN,31,8,0,< 0.01,210,40,corporativo.elements.com.br/collections/cadeiras,4 days
elementz cadeira,CN,36,8,0,< 0.01,210,40,corporativo.elements.com.br/collections/cadeiras,4 days
elementz cadeira,CN,40,8,0,< 0.01,210,40,corporativo.elements.com.br/collections/ver-todas-as-cadeiras-ergonomicas,4 days
gaveteiro elements,I,60,6,0,< 0.01,110,35,corporativo.elements.com.br/collections/all,Aug 06
elements vertta preta,IT,26,6,0,< 0.01,170,21,corporativo.elements.com.br/products/cadeira-ergonomica-elements-vertta-pro,Aug 09
elements vertta preta,IT,30,6,0,< 0.01,170,21,corporativo.elements.com.br/products/cadeira-ergonomica-elements-vertta-pro,Aug 09
cadeira ergonômica elements albari,I,39,7,0,< 0.01,110,22,corporativo.elements.com.br/pages/compare-modelos,Sep 05
cadeira ergonômica elements albari,I,43,7,0,< 0.01,110,22,corporativo.elements.com.br/collections/linha-essencial,Sep 05
cadeira ergonômica elements albari,I,54,7,0,< 0.01,110,22,corporativo.elements.com.br/collections/cadeiras,Sep 05
cadeira ergonômica elements albari,I,55,7,0,< 0.01,110,22,corporativo.elements.com.br/collections/ver-todas-as-cadeiras-ergonomicas,Sep 05
cadeira ergonômica elements albari,I,57,7,0,< 0.01,110,22,corporativo.elements.com.br/products/cadeira-ergonomica-elements-sarin,Sep 05
cadeira element,N,24,7,0,< 0.01,720,33,corporativo.elements.com.br/collections/ver-todas-as-cadeiras-ergonomicas,Aug 29
elements verta,I,35,8,0,< 0.01,110,19,corporativo.elements.com.br/products/cadeira-ergonomica-elements-vertta-pro,4 days
element mesa,N,48,6,0,< 0.01,110,27,corporativo.elements.com.br/collections/mesas-com-regulagem-de-altura,Aug 28
element mesa,N,50,6,0,< 0.01,110,27,corporativo.elements.com.br/,Aug 28
element mesa,N,51,6,0,< 0.01,110,27,corporativo.elements.com.br/collections/all,Aug 28
elemtns,N,22,8,0,< 0.01,140,50,corporativo.elements.com.br/collections/cadeiras,Aug 16
elemtns,N,27,8,0,< 0.01,140,50,corporativo.elements.com.br/collections/lancamentos,Aug 16
elemtns,N,31,8,0,< 0.01,140,50,corporativo.elements.com.br/collections/all,Aug 16
elemtns,N,37,8,0,< 0.01,140,50,corporativo.elements.com.br/collections/todos-os-produtos,Aug 16
elements siggy cinza,IT,7,7,0,< 0.01,140,26,corporativo.elements.com.br/products/cadeira-ergonomica-elements-siggy,Aug 27
astra elements pro,I,6,5,0,< 0.01,90,32,corporativo.elements.com.br/products/cadeira-ergonomica-astra-pro,Aug 31
cadeira ergonômica elements helene special,I,39,7,0,< 0.01,90,25,corporativo.elements.com.br/collections/cadeiras,Aug 28
cadeira ergonômica elements helene special,I,41,7,0,< 0.01,90,25,corporativo.elements.com.br/collections/linha-essencial,Aug 28
elements helene special,IT,52,7,0,< 0.01,320,23,corporativo.elements.com.br/collections/cadeiras,Aug 05
elements helene special,IT,53,7,0,< 0.01,320,23,corporativo.elements.com.br/collections/linha-avancada,Aug 05
elements helene special,IT,55,7,0,< 0.01,320,23,corporativo.elements.com.br/products/cadeira-ergonomica-elements-serena,Aug 05
elemento w,IN,72,5,0,< 0.01,110,28,corporativo.elements.com.br/collections/all,Aug 10
cadeiras elements astra,C,14,8,0,< 0.01,1.3K,33,corporativo.elements.com.br/products/cadeira-ergonomica-astra-pro,Jul 31
cadeira ergonômica elements rasala,C,45,8,0,< 0.01,320,28,corporativo.elements.com.br/pages/compare-modelos,Sep 15
cadeira ergonômica elements rasala,C,50,8,0,< 0.01,320,28,corporativo.elements.com.br/collections/cadeiras,Sep 15
cadeira ergonômica elements rasala,C,51,8,0,< 0.01,320,28,corporativo.elements.com.br/collections/linha-essencial,Sep 15
elementts,IN,19,7,0,< 0.01,90,55,corporativo.elements.com.br/collections/linha-essencial,4 days
elementts,IN,22,7,0,< 0.01,90,55,corporativo.elements.com.br/collections/cadeiras,4 days
elementts,IN,43,7,0,< 0.01,90,55,corporativo.elements.com.br/collections/lancamentos,4 days
elementts,IN,45,7,0,< 0.01,90,55,corporativo.elements.com.br/collections/all,4 days
elements roi,IT,46,7,0,< 0.01,90,27,corporativo.elements.com.br/collections/cadeiras,Aug 16
elements roi,IT,53,7,0,< 0.01,90,27,corporativo.elements.com.br/collections/linha-essencial,Aug 16
elements roi,IT,58,7,0,< 0.01,90,27,corporativo.elements.com.br/collections/linha-essencial,Aug 16
elements roi,IT,66,7,0,< 0.01,90,27,corporativo.elements.com.br/collections/linha-avancada,Aug 16
elements roi,IT,69,7,0,< 0.01,90,27,corporativo.elements.com.br/collections/ver-todas-as-cadeiras-ergonomicas,Aug 16
elements roi,IT,72,7,0,< 0.01,90,27,corporativo.elements.com.br/products/cadeira-ergonomica-elements-sarin,Aug 16
elements albari,I,28,7,0,< 0.01,170,30,corporativo.elements.com.br/pages/compare-modelos,Aug 20
elements albari,I,40,7,0,< 0.01,170,30,corporativo.elements.com.br/pages/compare-modelos,Aug 20
elements albari,I,42,7,0,< 0.01,170,30,corporativo.elements.com.br/collections/linha-essencial,Aug 20
elements albari,I,53,7,0,< 0.01,170,30,corporativo.elements.com.br/collections/cadeiras,Aug 20
elements albari,I,54,7,0,< 0.01,170,30,corporativo.elements.com.br/collections/ver-todas-as-cadeiras-ergonomicas,Aug 20
elements albari,I,57,7,0,< 0.01,170,30,corporativo.elements.com.br/collections/ver-todas-as-cadeiras-ergonomicas,Aug 20
cadeiras elements,NT,20,6,0,< 0.01,1K,29,corporativo.elements.com.br/collections/linha-essencial,Aug 24
elemens,I,40,7,0,< 0.01,140,22,corporativo.elements.com.br/collections/linha-essencial,2 days
elemens,I,85,7,0,< 0.01,140,22,corporativo.elements.com.br/collections/cadeiras,2 days
astra element,I,44,8,0,< 0.01,210,27,corporativo.elements.com.br/products/cadeira-ergonomica-astra-pro,4 days
astra element,I,65,8,0,< 0.01,210,27,corporativo.elements.com.br/products/cadeira-ergonomica-elements-astra,4 days
cadeira ergonomica astra pro,C,,8,0,< 0.01,140,27,corporativo.elements.com.br/products/cadeira-ergonomica-astra-pro,Sep 12
elementrs,NT,4,5,0,< 0.01,90,52,corporativo.elements.com.br/,Aug 20
elementrs,NT,20,5,0,< 0.01,90,52,corporativo.elements.com.br/collections/lancamentos,Aug 20
elementrs,NT,22,5,0,< 0.01,90,52,corporativo.elements.com.br/collections/cadeiras,Aug 20
elementrs,NT,27,5,0,< 0.01,90,52,corporativo.elements.com.br/collections/lancamentos,Aug 20
elementrs,NT,31,5,0,< 0.01,90,52,corporativo.elements.com.br/collections/all,Aug 20
elementrs,NT,40,5,0,< 0.01,90,52,corporativo.elements.com.br/collections/todos-os-produtos,Aug 20
elements astra cadeira,C,9,7,0,< 0.01,170,32,corporativo.elements.com.br/products/cadeira-ergonomica-astra-pro,Jul 29
elements astra cadeira,C,22,7,0,< 0.01,170,32,corporativo.elements.com.br/products/cadeira-ergonomica-astra-pro,Jul 29
elementys cadeira,N,10,6,0,< 0.01,140,25,corporativo.elements.com.br/collections/cadeiras,Sep 05
elementys cadeira,N,12,6,0,< 0.01,140,25,corporativo.elements.com.br/collections/linha-essencial,Sep 05
elementys cadeira,N,19,6,0,< 0.01,140,25,corporativo.elements.com.br/collections/cadeiras-fixas,Sep 05
elementys cadeira,N,28,6,0,< 0.01,140,25,corporativo.elements.com.br/products/cadeira-ergonomica-elements-sarin,Sep 05
cadeira escritório ergonômica confortável elements albari,CI,46,7,0,< 0.01,110,27,corporativo.elements.com.br/pages/compare-modelos,2 days
cadeira escritório ergonômica confortável elements albari,CI,48,7,0,< 0.01,110,27,corporativo.elements.com.br/collections/linha-essencial,2 days
cadeira escritório ergonômica confortável elements albari,CI,49,7,0,< 0.01,110,27,corporativo.elements.com.br/collections/cadeiras,2 days
cadeira escritório ergonômica confortável elements albari,CI,50,7,0,< 0.01,110,27,corporativo.elements.com.br/products/cadeira-ergonomica-elements-sarin,2 days
cadeira escritório ergonômica confortável elements albari,CI,51,7,0,< 0.01,110,27,corporativo.elements.com.br/collections/ver-todas-as-cadeiras-ergonomicas,2 days
elements vertta,I,31,9,0,< 0.01,720,22,corporativo.elements.com.br/products/cadeira-ergonomica-elements-vertta-pro,Sep 13
siggy elements,I,10,7,0,< 0.01,260,36,corporativo.elements.com.br/products/cadeira-ergonomica-elements-siggy,Sep 03
siggy elements,I,44,7,0,< 0.01,260,36,corporativo.elements.com.br/collections/cadeiras,Sep 03
eleements,N,28,7,0,< 0.01,140,52,corporativo.elements.com.br/collections/cadeiras,Sep 08
eleements,N,35,7,0,< 0.01,140,52,corporativo.elements.com.br/collections/lancamentos,Sep 08
eleements,N,42,7,0,< 0.01,140,52,corporativo.elements.com.br/collections/all,Sep 08
cadeira elements olympia,IT,52,7,0,< 0.01,260,32,corporativo.elements.com.br/collections/cadeiras,Aug 13
cadeira elements olympia,IT,56,7,0,< 0.01,260,32,corporativo.elements.com.br/products/cadeira-ergonomica-elements-alasia,Aug 13
cadeira elements olympia,IT,59,7,0,< 0.01,260,32,corporativo.elements.com.br/collections/ver-todas-as-cadeiras-ergonomicas,Aug 13
element professional,CI,20,6,0,< 0.01,110,13,corporativo.elements.com.br/,Aug 28
cadeira astra elements,I,18,7,0,< 0.01,880,36,corporativo.elements.com.br/products/cadeira-ergonomica-astra-pro,Aug 21
cadeira ergonômica elements alásia,CI,10,7,0,< 0.01,90,29,corporativo.elements.com.br/products/cadeira-ergonomica-elements-alasia,Sep 04
cadeira ergonômica elements alásia,CI,19,7,0,< 0.01,90,29,corporativo.elements.com.br/collections/cadeiras,Sep 04
cadeira ergonômica elements alásia,CI,20,7,0,< 0.01,90,29,corporativo.elements.com.br/pages/compare-modelos,Sep 04
cadeira ergonômica elements alásia,CI,26,7,0,< 0.01,90,29,corporativo.elements.com.br/collections/linha-essencial,Sep 04
cadeira ergonômica elements alásia,CI,27,7,0,< 0.01,90,29,corporativo.elements.com.br/collections/linha-essencial,Sep 04
element siggy,I,,7,0,< 0.01,110,29,corporativo.elements.com.br/products/cadeira-ergonomica-elements-siggy,1 day
elements celaena,CI,5,8,0,< 0.01,140,35,corporativo.elements.com.br/products/cadeira-ergonomica-elements-calaena,2 days
elements celaena,CI,24,8,0,< 0.01,140,35,corporativo.elements.com.br/pages/compare-modelos,2 days
elements celaena,CI,55,8,0,< 0.01,140,35,corporativo.elements.com.br/collections/todos-os-produtos,2 days
cadeira de escritorio elements vertta preta pro,I,29,6,0,< 0.01,140,25,corporativo.elements.com.br/products/cadeira-ergonomica-elements-vertta-pro,Aug 25
verta pro,I,57,6,0,< 0.01,320,30,corporativo.elements.com.br/products/cadeira-ergonomica-elements-vertta-pro,Aug 10
cadeira elements siggy,I,14,8,0,< 0.01,390,36,corporativo.elements.com.br/products/cadeira-ergonomica-elements-siggy,Aug 18
elements vertta pro,C,37,6,0,< 0.01,2.4K,41,corporativo.elements.com.br/products/cadeira-ergonomica-elements-vertta-pro,Aug 19
elements vertta pro,C,47,6,0,< 0.01,2.4K,41,corporativo.elements.com.br/products/cadeira-ergonomica-astra-pro,Aug 19
elements vertta pro,C,51,6,0,< 0.01,2.4K,41,corporativo.elements.com.br/products/cadeira-ergonomica-astra-pro,Aug 19
cadeira ergonômica elements,NT,44,7,0,< 0.01,210,27,corporativo.elements.com.br/collections/cadeiras,Aug 10
cadeira ergonômica elements,NT,48,7,0,< 0.01,210,27,corporativo.elements.com.br/collections/linha-essencial,Aug 10
cadeira ergonômica elements,NT,50,7,0,< 0.01,210,27,corporativo.elements.com.br/products/cadeira-ergonomica-elements-sarin,Aug 10
cadeira ergonômica elements,NT,52,7,0,< 0.01,210,27,corporativo.elements.com.br/collections/ver-todas-as-cadeiras-ergonomicas,Aug 10
cadeira ergonômica elements,NT,57,7,0,< 0.01,210,27,corporativo.elements.com.br/collections/ver-todas-as-cadeiras-ergonomicas,Aug 10
cadeira elements samaia,I,34,9,0,< 0.01,110,n/a,corporativo.elements.com.br/collections/cadeiras,23 hours
cadeira elements samaia,I,37,9,0,< 0.01,110,n/a,corporativo.elements.com.br/pages/compare-modelos,23 hours
cadeira elements samaia,I,39,9,0,< 0.01,110,n/a,corporativo.elements.com.br/pages/compare-modelos,23 hours
cadeira elements samaia,I,43,9,0,< 0.01,110,n/a,corporativo.elements.com.br/collections/linha-essencial,23 hours
elemensts,IN,3,7,0,< 0.01,90,45,corporativo.elements.com.br/,Sep 04
elemensts,IN,23,7,0,< 0.01,90,45,corporativo.elements.com.br/collections/all,Sep 04
elemensts,IN,29,7,0,< 0.01,90,45,corporativo.elements.com.br/collections/lancamentos,Sep 04
elemensts,IN,34,7,0,< 0.01,90,45,corporativo.elements.com.br/collections/cadeiras,Sep 04
cadeira ergonômica elements rasala:,I,43,7,0,< 0.01,170,26,corporativo.elements.com.br/collections/cadeiras,Aug 27
cadeira ergonômica elements rasala:,I,44,7,0,< 0.01,170,26,corporativo.elements.com.br/collections/linha-essencial,Aug 27
vertta pro elements,IT,35,7,0,< 0.01,210,23,corporativo.elements.com.br/products/cadeira-ergonomica-elements-vertta-pro,Aug 16
vertta pro elements,IT,47,7,0,< 0.01,210,23,corporativo.elements.com.br/products/cadeira-ergonomica-astra-pro,Aug 16
vertta pro elements,IT,50,7,0,< 0.01,210,23,corporativo.elements.com.br/products/cadeira-ergonomica-astra-pro,Aug 16
vertta pro special,C,69,9,0,< 0.01,90,21,corporativo.elements.com.br/products/cadeira-ergonomica-elements-vertta-pro,Sep 15
elemenys,N,32,7,0,< 0.01,110,51,corporativo.elements.com.br/collections/cadeiras,Sep 12
elemtens,N,23,7,0,< 0.01,140,46,corporativo.elements.com.br/collections/cadeiras,Aug 15
elemtens,N,30,7,0,< 0.01,140,46,corporativo.elements.com.br/collections/lancamentos,Aug 15
elemtens,N,32,7,0,< 0.01,140,46,corporativo.elements.com.br/collections/all,Aug 15
elemtens,N,37,7,0,< 0.01,140,46,corporativo.elements.com.br/collections/todos-os-produtos,Aug 15
cadeira de escritório elements,T,33,7,0,< 0.01,140,26,corporativo.elements.com.br/collections/cadeiras,Aug 14
cadeira de escritório elements,T,55,7,0,< 0.01,140,26,corporativo.elements.com.br/products/cadeira-ergonomica-elements-sarin,Aug 14
cadeira de escritório elements,T,57,7,0,< 0.01,140,26,corporativo.elements.com.br/collections/ver-todas-as-cadeiras-ergonomicas,Aug 14
cadeira de escritório elements,T,64,7,0,< 0.01,140,26,corporativo.elements.com.br/collections/linha-essencial,Aug 14
mesa element,CI,46,7,0,< 0.01,260,12,corporativo.elements.com.br/collections/mesas-com-regulagem-de-altura,Aug 10
cadeira ergonômica elements una,IT,52,8,0,< 0.01,90,34,corporativo.elements.com.br/products/cadeira-ergonomica-elements-serena,Aug 01
cadeira ergonômica elements una,IT,53,8,0,< 0.01,90,34,corporativo.elements.com.br/collections/linha-avancada,Aug 01
cadeira ergonômica elements una,IT,58,8,0,< 0.01,90,34,corporativo.elements.com.br/collections/cadeiras,Aug 01
cadeira ergonômica elements una,IT,59,8,0,< 0.01,90,34,corporativo.elements.com.br/collections/ver-todas-as-cadeiras-ergonomicas,Aug 01
loja elements,N,24,5,0,< 0.01,320,38,corporativo.elements.com.br/collections/lancamentos,Sep 02
loja elements,N,26,5,0,< 0.01,320,38,corporativo.elements.com.br/collections/all,Sep 02
loja elements,N,35,5,0,< 0.01,320,38,corporativo.elements.com.br/collections/linha-diretoria,Sep 02
cadeira ergonômica elements galatea,I,13,6,0,< 0.01,140,23,corporativo.elements.com.br/collections/cadeiras,Aug 27
cadeira ergonômica elements galatea,I,26,6,0,< 0.01,140,23,corporativo.elements.com.br/products/cadeira-ergonomica-elements-galatea,Aug 27
cadeira elementes,N,7,6,0,< 0.01,90,31,corporativo.elements.com.br/collections/cadeiras,Sep 03
cadeira elementes,N,21,6,0,< 0.01,90,31,corporativo.elements.com.br/products/cadeira-ergonomica-elements-sarin,Sep 03
cadeira elementes,N,24,6,0,< 0.01,90,31,corporativo.elements.com.br/collections/linha-essencial,Sep 03
cadeira elementes,N,27,6,0,< 0.01,90,31,corporativo.elements.com.br/collections/cadeiras-fixas,Sep 03
cadeira siggy elements,IT,10,8,0,< 0.01,170,35,corporativo.elements.com.br/products/cadeira-ergonomica-elements-siggy,Sep 12
cadeira siggy elements,IT,44,8,0,< 0.01,170,35,corporativo.elements.com.br/collections/cadeiras,Sep 12
cadeira elements vertta pro,C,48,7,0,< 0.01,590,27,corporativo.elements.com.br/products/cadeira-ergonomica-astra-pro,Aug 06
elements br,NT,20,6,0,< 0.01,390,47,corporativo.elements.com.br/collections/linha-essencial,Aug 11
elements br,NT,21,6,0,< 0.01,390,47,corporativo.elements.com.br/collections/all,Aug 11
elements br,NT,29,6,0,< 0.01,390,47,corporativo.elements.com.br/collections/black-friday-para-empresas,Aug 11
elements br,NT,32,6,0,< 0.01,390,47,corporativo.elements.com.br/collections/todos-os-produtos?page=3,Aug 11
elements br,NT,34,6,0,< 0.01,390,47,corporativo.elements.com.br/collections/lancamentos,Aug 11
elements po,I,81,8,0,< 0.01,390,35,corporativo.elements.com.br/products/cadeira-ergonomica-astra-pro,Jul 31
elements po,I,91,8,0,< 0.01,390,35,corporativo.elements.com.br/products/cadeira-ergonomica-astra-pro,Jul 31
cadeira albari,I,20,8,0,< 0.01,140,n/a,corporativo.elements.com.br/pages/compare-modelos,2 days
cadeira albari,I,44,8,0,< 0.01,140,n/a,corporativo.elements.com.br/collections/ver-todas-as-cadeiras-ergonomicas,2 days
cadeira de escritorio elements,I,23,6,0,< 0.01,210,24,corporativo.elements.com.br/collections/cadeiras,Aug 10
cadeira de escritorio elements,I,38,6,0,< 0.01,210,24,corporativo.elements.com.br/products/cadeira-ergonomica-elements-serena,Aug 10
cadeira de escritorio elements,I,48,6,0,< 0.01,210,24,corporativo.elements.com.br/products/cadeira-ergonomica-elements-sarin,Aug 10
cadeira de escritorio elements,I,61,6,0,< 0.01,210,24,corporativo.elements.com.br/collections/linha-essencial,Aug 10
estação de trabalho dupla,I,34,8,0,< 0.01,110,4,corporativo.elements.com.br/collections/estacao-de-trabalho-2-lugares,Jul 31
cadeiras ergonomicas elements,N,41,5,0,< 0.01,260,25,corporativo.elements.com.br/collections/cadeiras,Aug 18
cadeiras ergonomicas elements,N,49,5,0,< 0.01,260,25,corporativo.elements.com.br/collections/ver-todas-as-cadeiras-ergonomicas?page=2,Aug 18
cadeiras ergonomicas elements,N,53,5,0,< 0.01,260,25,corporativo.elements.com.br/products/cadeira-ergonomica-elements-sarin,Aug 18
elements eos,I,11,6,0,< 0.01,260,25,corporativo.elements.com.br/products/cadeira-ergonomica-elements-egea-loctek-copia,Aug 03
elements eos,I,34,6,0,< 0.01,260,25,corporativo.elements.com.br/collections/ver-todas-as-cadeiras-ergonomicas?page=2,Aug 03
elements eos,I,36,6,0,< 0.01,260,25,corporativo.elements.com.br/pages/compare-modelos,Aug 03
elements eos,I,56,6,0,< 0.01,260,25,corporativo.elements.com.br/collections/cadeiras,Aug 03
elements eos,I,57,6,0,< 0.01,260,25,corporativo.elements.com.br/collections/linha-avancada,Aug 03
elements eos,I,69,6,0,< 0.01,260,25,corporativo.elements.com.br/collections/linha-essencial,Aug 03
mesa elements,IT,12,7,0,< 0.01,390,20,corporativo.elements.com.br/collections/ver-todas-as-mesas,Jul 27
elements.,N,31,6,0,< 0.01,110,48,corporativo.elements.com.br/collections/cadeiras,Sep 13
elements.,N,43,6,0,< 0.01,110,48,corporativo.elements.com.br/collections/all,Sep 13
elements cadeira ergonomica,NT,41,7,0,< 0.01,210,33,corporativo.elements.com.br/collections/cadeiras,Aug 05
elements cadeira ergonomica,NT,45,7,0,< 0.01,210,33,corporativo.elements.com.br/products/cadeira-ergonomica-elements-serena,Aug 05
elements cadeira ergonomica,NT,54,7,0,< 0.01,210,33,corporativo.elements.com.br/products/cadeira-ergonomica-astra-pro,Aug 05
elements cadeira ergonomica,NT,62,7,0,< 0.01,210,33,corporativo.elements.com.br/products/cadeira-ergonomica-astra-pro,Aug 05
elements cadeira ergonomica,NT,64,7,0,< 0.01,210,33,corporativo.elements.com.br/collections/linha-essencial,Aug 05
elements cadeira ergonomica,NT,65,7,0,< 0.01,210,33,corporativo.elements.com.br/products/cadeira-ergonomica-elements-sarin,Aug 05
elements cadeira ergonomica,NT,66,7,0,< 0.01,210,33,corporativo.elements.com.br/collections/ver-todas-as-cadeiras-ergonomicas,Aug 05
elements helene,I,70,7,0,< 0.01,320,17,corporativo.elements.com.br/collections/cadeiras,Jul 28
elements helene,I,83,7,0,< 0.01,320,17,corporativo.elements.com.br/collections/ver-todas-as-cadeiras-ergonomicas,Jul 28
elements helene,I,85,7,0,< 0.01,320,17,corporativo.elements.com.br/products/cadeira-ergonomica-elements-serena,Jul 28
cadeira ergonômica elements vertta pro,I,27,8,0,< 0.01,260,22,corporativo.elements.com.br/products/cadeira-ergonomica-elements-vertta-pro,Sep 03
cadeira ergonômica elements vertta pro,I,39,8,0,< 0.01,260,22,corporativo.elements.com.br/products/cadeira-ergonomica-astra-pro,Sep 03
cadeira elements helene,I,43,8,0,< 0.01,170,21,corporativo.elements.com.br/collections/cadeiras,Sep 03
cadeira elements ergonômica astra pro,I,6,6,0,< 0.01,140,24,corporativo.elements.com.br/products/cadeira-ergonomica-astra-pro,1 day
elements joplin,I,87,5,0,< 0.01,90,25,corporativo.elements.com.br/products/cadeira-ergonomica-elements-sarin,Aug 05
elements joplin,I,88,5,0,< 0.01,90,25,corporativo.elements.com.br/collections/linha-avancada,Aug 05
elements aiven,I,43,7,0,< 0.01,170,23,corporativo.elements.com.br/collections/cadeiras,Aug 28
cadeira ergonômica elements astra pro,IT,,9,0,< 0.01,260,32,corporativo.elements.com.br/products/cadeira-ergonomica-astra-pro,Sep 09
cadeira ergonômica elements astra pro,IT,6,9,0,< 0.01,260,32,corporativo.elements.com.br/products/cadeira-ergonomica-astra-pro,Sep 09
cadeira ergonômica elements astra pro,IT,,9,0,< 0.01,260,32,corporativo.elements.com.br/products/cadeira-ergonomica-astra-pro,Sep 09
elemnets,NT,22,5,0,< 0.01,140,39,corporativo.elements.com.br/collections/linha-essencial,Aug 20
elemnets,NT,24,5,0,< 0.01,140,39,corporativo.elements.com.br/collections/cadeiras,Aug 20
elemnets,NT,27,5,0,< 0.01,140,39,corporativo.elements.com.br/collections/lancamentos,Aug 20
elemnets,NT,34,5,0,< 0.01,140,39,corporativo.elements.com.br/collections/all,Aug 20
elemnets,NT,41,5,0,< 0.01,140,39,corporativo.elements.com.br/collections/todos-os-produtos,Aug 20
na elements,IT,65,6,0,< 0.01,110,23,corporativo.elements.com.br/collections/cadeiras,Sep 11
na elements,IT,72,6,0,< 0.01,110,23,corporativo.elements.com.br/,Sep 11
na elements,IT,74,6,0,< 0.01,110,23,corporativo.elements.com.br/collections/all,Sep 11
na elements,IT,79,6,0,< 0.01,110,23,corporativo.elements.com.br/collections/lancamentos,Sep 11
cadeira escritorio elements,IT,36,8,0,< 0.01,170,30,corporativo.elements.com.br/collections/cadeiras,Sep 06
cadeira escritorio elements,IT,54,8,0,< 0.01,170,30,corporativo.elements.com.br/products/cadeira-ergonomica-elements-sarin,Sep 06
cadeira escritorio elements,IT,58,8,0,< 0.01,170,30,corporativo.elements.com.br/collections/ver-todas-as-cadeiras-ergonomicas?page=2,Sep 06
cadeira escritorio elements,IT,63,8,0,< 0.01,170,30,corporativo.elements.com.br/collections/linha-essencial,Sep 06
cadeira escritorio elements,IT,64,8,0,< 0.01,170,30,corporativo.elements.com.br/collections/cadeiras-fixas,Sep 06
cadeira escritorio elements,IT,65,8,0,< 0.01,170,30,corporativo.elements.com.br/collections/linha-essencial,Sep 06
cadeira ergonômica elements astra,C,23,7,0,< 0.01,480,35,corporativo.elements.com.br/products/cadeira-ergonomica-astra-pro,Aug 18
cadeira ergonômica elements astra,C,30,7,0,< 0.01,480,35,corporativo.elements.com.br/products/cadeira-ergonomica-astra-pro,Aug 18
cadeira elements helene special,CI,45,9,0,< 0.01,110,22,corporativo.elements.com.br/collections/linha-avancada,Aug 10
cadeira elements helene special,CI,48,9,0,< 0.01,110,22,corporativo.elements.com.br/collections/linha-avancada,Aug 10
cadeira elements helene special,CI,52,9,0,< 0.01,110,22,corporativo.elements.com.br/products/cadeira-ergonomica-elements-serena,Aug 10
cadeira elements helene special,CI,53,9,0,< 0.01,110,22,corporativo.elements.com.br/products/cadeira-ergonomica-elements-sarin,Aug 10
cadeira ergonômica elements sophy,C,44,9,0,< 0.01,260,24,corporativo.elements.com.br/products/cadeira-ergonomica-elements-sophy,Aug 13
estilo serena,I,67,4,0,< 0.01,260,26,corporativo.elements.com.br/products/cadeira-ergonomica-elements-serena,Jul 31
cadeira olympia elements,IN,26,10,0,< 0.01,110,28,corporativo.elements.com.br/collections/cadeiras,4 days
cadeira olympia elements,IN,30,10,0,< 0.01,110,28,corporativo.elements.com.br/products/cadeira-ergonomica-elements-alasia,4 days
cadeira olympia elements,IN,33,10,0,< 0.01,110,28,corporativo.elements.com.br/collections/linha-essencial,4 days
cadeira olympia elements,IN,34,10,0,< 0.01,110,28,corporativo.elements.com.br/collections/linha-essencial,4 days
siggy,I,,7,0,< 0.01,720,26,corporativo.elements.com.br/products/cadeira-ergonomica-elements-siggy,Aug 21
cadeira elemnts,NT,21,7,0,< 0.01,260,32,corporativo.elements.com.br/collections/linha-essencial,Aug 25
cadeira elemnts,NT,23,7,0,< 0.01,260,32,corporativo.elements.com.br/collections/cadeiras-fixas,Aug 25
cadeira elemnts,NT,27,7,0,< 0.01,260,32,corporativo.elements.com.br/collections/ver-todas-as-cadeiras-ergonomicas?page=2,Aug 25
cadeira ergonômica elements siggy,C,14,8,0,< 0.01,320,29,corporativo.elements.com.br/products/cadeira-ergonomica-elements-siggy,Aug 10
cadeira ergonômica elements siggy,C,45,8,0,< 0.01,320,29,corporativo.elements.com.br/collections/linha-avancada,Aug 10
cadeira samaia,C,36,9,0,< 0.01,110,21,corporativo.elements.com.br/pages/compare-modelos,Sep 15
elements are,I,70,6,0,< 0.01,880,41,corporativo.elements.com.br/,Sep 14
elements are,I,76,6,0,< 0.01,880,41,corporativo.elements.com.br/,Sep 14
elements are,I,87,6,0,< 0.01,880,41,corporativo.elements.com.br/products/cadeira-ergonomica-elements-eterea-1,Sep 14
cadeira belena,I,14,8,0,< 0.01,90,29,corporativo.elements.com.br/pages/compare-modelos,Aug 28
astra elements,I,31,8,0,< 0.01,3.6K,34,corporativo.elements.com.br/products/cadeira-ergonomica-elements-astra,Sep 14
elements vertta special,I,39,5,0,< 0.01,480,33,corporativo.elements.com.br/collections/ver-todas-as-cadeiras-ergonomicas,Jul 28
cadeira de escritorio elements vertta,I,35,7,0,< 0.01,110,17,corporativo.elements.com.br/products/cadeira-ergonomica-elements-vertta-pro,4 days
elementas,IN,80,7,0,< 0.01,2.9K,39,corporativo.elements.com.br/collections/cadeiras,Aug 26
elements astra pro:,IT,,6,0,< 0.01,320,28,corporativo.elements.com.br/products/cadeira-ergonomica-astra-pro,Aug 10
eleents,N,24,6,0,< 0.01,140,47,corporativo.elements.com.br/collections/cadeiras,Sep 01
eleents,N,31,6,0,< 0.01,140,47,corporativo.elements.com.br/collections/cadeiras,Sep 01
eleents,N,35,6,0,< 0.01,140,47,corporativo.elements.com.br/collections/all,Sep 01
eleents,N,39,6,0,< 0.01,140,47,corporativo.elements.com.br/collections/todos-os-produtos,Sep 01
elemts,N,9,7,0,< 0.01,110,43,corporativo.elements.com.br/,Aug 13
elemts,N,21,7,0,< 0.01,110,43,corporativo.elements.com.br/collections/cadeiras,Aug 13
elemts,N,30,7,0,< 0.01,110,43,corporativo.elements.com.br/collections/lancamentos,Aug 13
elemts,N,32,7,0,< 0.01,110,43,corporativo.elements.com.br/collections/all,Aug 13
elemts,N,40,7,0,< 0.01,110,43,corporativo.elements.com.br/collections/todos-os-produtos,Aug 13